sample_id,timestamp,species,behavior,latitude,longitude,temperature,weather,vegetation_type,time_of_day,animal_id,previous_latitude,previous_longitude,previous_timestamp,distance_km,time_diff_hours,speed_kmh,speed_risk,distance_risk,anomaly_risk,weather_risk,habitat_risk,behavior_risk,risk_score,risk_level,conservation_priority,risk_reason
S0736,2025-05-02 02:57:00,Boar,Alert,24.3327,78.57422,27.9,Rainy,Desert,Evening,BOA_001,,,,0.0,,0.0,0,0,0,5,1,4,10,Low,Normal,"Environmental condition, Habitat factor, Active/risk behavior"
S0912,2025-05-04 02:01:00,Boar,Alert,24.40228,78.51401,27.6,Rainy,Wetland,Night,BOA_001,24.3327,78.57422,2025-05-02 02:57:00,9.851581705866748,47.06666666666667,0.20931122604532748,0,0,0,5,5,4,14,Low,Normal,"Environmental condition, Habitat factor, Active/risk behavior"
S0519,2025-05-08 15:00:00,Boar,Socializing,24.67836,78.62398,24.9,Rainy,Grassland,Evening,BOA_001,24.40228,78.51401,2025-05-04 02:01:00,32.651836979126564,108.98333333333333,0.29960394842446764,0,0,0,5,1,1,7,Low,Normal,"Environmental condition, Habitat factor, Active/risk behavior"
S0522,2025-05-12 23:11:00,Boar,Grazing,24.67307,78.36231,22.0,Cloudy,Desert,Morning,BOA_001,24.67836,78.62398,2025-05-08 15:00:00,26.445985458496356,104.18333333333334,0.2538408458662264,0,0,0,2,1,1,4,Low,Normal,"Environmental condition, Habitat factor, Active/risk behavior"
S0050,2025-05-14 20:26:00,Boar,Playing,24.64367,78.59284,19.7,Foggy,Grassland,Morning,BOA_001,24.67307,78.36231,2025-05-12 23:11:00,23.524517890146182,45.25,0.5198788484010206,0,0,0,8,1,2,11,Low,Normal,"Environmental condition, Habitat factor, Active/risk behavior"
S0722,2025-05-15 23:39:00,Boar,Running,24.33623,78.47004,27.2,Sunny,Desert,Night,BOA_001,24.64367,78.59284,2025-05-14 20:26:00,36.37414530492802,27.216666666666665,1.3364658409648997,20,0,0,0,1,5,26,Moderate,Monitor,"High movement speed, Habitat factor, Active/risk behavior"
S0880,2025-05-20 05:09:00,Boar,Playing,24.41186,78.67454,32.6,Rainy,Grassland,Afternoon,BOA_001,24.33623,78.47004,2025-05-15 23:39:00,22.354753429815094,101.5,0.22024387615581373,0,0,0,5,1,2,8,Low,Normal,"Environmental condition, Habitat factor, Active/risk behavior"
S0063,2025-05-22 19:23:00,Boar,Alert,24.30478,78.53225,22.6,Windy,Grassland,Evening,BOA_001,24.41186,78.67454,2025-05-20 05:09:00,18.695459826166616,62.233333333333334,0.30040910272362,0,0,0,5,1,4,10,Low,Normal,"Environmental condition, Habitat factor, Active/risk behavior"
S0692,2025-05-24 20:57:00,Boar,Alert,24.3967,78.33872,31.6,Sunny,Savanna,Morning,BOA_001,24.30478,78.53225,2025-05-22 19:23:00,22.109523140374172,49.56666666666667,0.44605628393491936,0,0,0,0,2,4,6,Low,Normal,"Habitat factor, Active/risk behavior"
S0536,2025-05-29 10:51:00,Boar,Playing,24.51818,78.30722,23.5,Cloudy,Forest,Evening,BOA_001,24.3967,78.33872,2025-05-24 20:57:00,13.879139472873693,109.9,0.1262888032108616,0,0,0,2,3,2,7,Low,Normal,"Environmental condition, Habitat factor, Active/risk behavior"
S0698,2025-05-02 03:03:00,Boar,Alert,24.38399,78.69755,32.8,Windy,Savanna,Evening,BOA_002,,,,0.0,,0.0,0,0,0,5,2,4,11,Low,Normal,"Environmental condition, Habitat factor, Active/risk behavior"
S0657,2025-05-04 04:55:00,Boar,Hunting,24.49377,78.58881,25.8,Rainy,Savanna,Afternoon,BOA_002,24.38399,78.69755,2025-05-02 03:03:00,16.437339300916477,49.86666666666667,0.32962578811998283,0,0,0,5,2,5,12,Low,Normal,"Environmental condition, Habitat factor, Active/risk behavior"
S0693,2025-05-09 20:42:00,Boar,Hunting,24.6589,78.45624,31.3,Sunny,Wetland,Afternoon,BOA_002,24.49377,78.58881,2025-05-04 04:55:00,22.734581078620725,135.78333333333333,0.16743278074349374,0,0,0,0,5,5,10,Low,Normal,"Habitat factor, Active/risk behavior"
S0685,2025-05-12 23:11:00,Boar,Hunting,24.3154,78.4891,18.8,Sunny,Desert,Evening,BOA_002,24.6589,78.45624,2025-05-09 20:42:00,38.339926497868085,74.48333333333333,0.5147450413676627,0,0,0,0,1,5,6,Low,Normal,"Habitat factor, Active/risk behavior"
S0217,2025-05-14 23:51:00,Boar,Playing,24.3271,78.31644,19.5,Sunny,Forest,Afternoon,BOA_002,24.3154,78.4891,2025-05-12 23:11:00,17.543328060973124,48.666666666666664,0.36047934371862583,0,0,0,0,3,2,5,Low,Normal,"Habitat factor, Active/risk behavior"
S0829,2025-05-16 00:20:00,Boar,Playing,24.33651,78.5051,25.8,Foggy,Savanna,Afternoon,BOA_002,24.3271,78.31644,2025-05-14 23:51:00,19.143270443260874,24.483333333333334,0.7818898751502059,20,0,0,8,2,2,32,Moderate,Monitor,"High movement speed, Environmental condition, Habitat factor, Active/risk behavior"
S0355,2025-05-20 11:50:00,Boar,Grazing,24.64132,78.55555,29.7,Sunny,Wetland,Evening,BOA_002,24.33651,78.5051,2025-05-16 00:20:00,34.27564492794473,107.5,0.318843208632044,0,0,0,0,5,1,6,Low,Normal,"Habitat factor, Active/risk behavior"
S0675,2025-05-22 20:57:00,Boar,Resting,24.62714,78.3886,28.9,Windy,Savanna,Morning,BOA_002,24.64132,78.55555,2025-05-20 11:50:00,16.947937091334804,57.11666666666667,0.29672489800994695,0,0,0,5,2,0,7,Low,Normal,"Environmental condition, Habitat factor"
S0899,2025-05-26 03:20:00,Boar,Grazing,24.64691,78.50751,19.7,Sunny,Desert,Night,BOA_002,24.62714,78.3886,2025-05-22 20:57:00,12.21792656575235,78.38333333333334,0.1558740365607359,0,0,0,0,1,1,2,Low,Normal,"Habitat factor, Active/risk behavior"
S0023,2025-05-30 06:02:00,Boar,Hunting,24.55405,78.3993,27.3,Sunny,Grassland,Afternoon,BOA_002,24.64691,78.50751,2025-05-26 03:20:00,15.043480376758648,98.7,0.1524162145568252,0,0,0,0,1,5,6,Low,Normal,"Habitat factor, Active/risk behavior"
S0866,2025-05-02 03:32:00,Boar,Resting,24.37748,78.48982,28.9,Windy,Forest,Morning,BOA_003,,,,0.0,,0.0,0,0,0,5,3,0,8,Low,Normal,"Environmental condition, Habitat factor"
S0255,2025-05-04 16:13:00,Boar,Playing,24.66725,78.64867,18.8,Sunny,Grassland,Night,BOA_003,24.37748,78.48982,2025-05-02 03:32:00,36.00605697990675,60.68333333333333,0.5933434272986556,0,0,0,0,1,2,3,Low,Normal,"Habitat factor, Active/risk behavior"
S0158,2025-05-09 22:43:00,Boar,Grazing,24.47337,78.68553,26.1,Foggy,Wetland,Evening,BOA_003,24.66725,78.64867,2025-05-04 16:13:00,21.87834802687786,126.5,0.172951367801406,0,0,0,8,5,1,14,Low,Normal,"Environmental condition, Habitat factor, Active/risk behavior"
S0925,2025-05-13 00:09:00,Boar,Running,24.5889,78.39461,31.4,Rainy,Grassland,Morning,BOA_003,24.47337,78.68553,2025-05-09 22:43:00,32.11054771836676,73.43333333333334,0.43727482140308793,0,0,0,5,1,5,11,Low,Normal,"Environmental condition, Habitat factor, Active/risk behavior"
S0814,2025-05-15 06:46:00,Boar,Playing,24.44671,78.34514,29.5,Cloudy,Savanna,Evening,BOA_003,24.5889,78.39461,2025-05-13 00:09:00,16.584021975287843,54.61666666666667,0.3036439787968479,0,0,0,2,2,2,6,Low,Normal,"Environmental condition, Habitat factor, Active/risk behavior"
S0243,2025-05-16 13:13:00,Boar,Resting,24.55783,78.33394,23.0,Cloudy,Wetland,Afternoon,BOA_003,24.44671,78.34514,2025-05-15 06:46:00,12.407838549911215,30.45,0.4074823825915013,0,0,0,2,5,0,7,Low,Normal,"Environmental condition, Habitat factor"
S0123,2025-05-20 14:52:00,Boar,Playing,24.62879,78.45818,31.7,Rainy,Forest,Night,BOA_003,24.55783,78.33394,2025-05-16 13:13:00,14.834183929370234,97.65,0.15191176578976173,0,0,0,5,3,2,10,Low,Normal,"Environmental condition, Habitat factor, Active/risk behavior"
S0645,2025-05-23 13:02:00,Boar,Socializing,24.67651,78.68642,22.0,Rainy,Forest,Night,BOA_003,24.62879,78.45818,2025-05-20 14:52:00,23.66836968297734,70.16666666666667,0.3373164325364941,0,0,0,5,3,1,9,Low,Normal,"Environmental condition, Habitat factor, Active/risk behavior"
S0275,2025-05-27 01:30:00,Boar,Running,24.61168,78.45423,20.3,Foggy,Desert,Morning,BOA_003,24.67651,78.68642,2025-05-23 13:02:00,24.54897141746408,84.46666666666667,0.2906350207276726,0,0,0,8,1,5,14,Low,Normal,"Environmental condition, Habitat factor, Active/risk behavior"
S0453,2025-05-30 09:11:00,Boar,Running,24.61799,78.31358,23.1,Foggy,Desert,Afternoon,BOA_003,24.61168,78.45423,2025-05-27 01:30:00,14.23567327482281,79.68333333333334,0.17865308439434607,0,0,0,8,1,5,14,Low,Normal,"Environmental condition, Habitat factor, Active/risk behavior"
S0743,2025-05-02 11:34:00,Boar,Resting,24.42735,78.4245,23.6,Foggy,Wetland,Afternoon,BOA_004,,,,0.0,,0.0,0,0,0,8,5,0,13,Low,Normal,"Environmental condition, Habitat factor"
S0266,2025-05-04 17:48:00,Boar,Resting,24.44904,78.32849,31.9,Sunny,Desert,Afternoon,BOA_004,24.42735,78.4245,2025-05-02 11:34:00,10.01412821569902,54.233333333333334,0.18464895296310424,0,0,0,0,1,0,1,Low,Normal,Habitat factor
S0210,2025-05-10 00:49:00,Boar,Socializing,24.42449,78.53455,27.6,Rainy,Forest,Afternoon,BOA_004,24.44904,78.32849,2025-05-04 17:48:00,21.038115631521862,127.01666666666667,0.16563271721444847,0,0,0,5,3,1,9,Low,Normal,"Environmental condition, Habitat factor, Active/risk behavior"
S0312,2025-05-13 05:19:00,Boar,Playing,24.59882,78.6727,24.1,Rainy,Grassland,Evening,BOA_004,24.42449,78.53455,2025-05-10 00:49:00,23.898190570369856,76.5,0.31239464797869093,0,0,0,5,1,2,8,Low,Normal,"Environmental condition, Habitat factor, Active/risk behavior"
S0804,2025-05-15 06:47:00,Boar,Resting,24.42192,78.65846,25.0,Rainy,Desert,Morning,BOA_004,24.59882,78.6727,2025-05-13 05:19:00,19.723073886374166,49.46666666666667,0.39871443166524595,0,0,0,5,1,0,6,Low,Normal,"Environmental condition, Habitat factor"
S0579,2025-05-16 18:25:00,Boar,Grazing,24.32098,78.31945,21.6,Windy,Forest,Evening,BOA_004,24.42192,78.65846,2025-05-15 06:47:00,36.12493946716851,35.63333333333333,1.0137962432320442,20,0,0,5,3,1,29,Moderate,Monitor,"High movement speed, Environmental condition, Habitat factor, Active/risk behavior"
S0496,2025-05-20 22:40:00,Boar,Socializing,24.51726,78.64848,23.7,Cloudy,Wetland,Morning,BOA_004,24.32098,78.31945,2025-05-16 18:25:00,39.82640583922696,100.25,0.3972708811892963,0,20,0,2,5,1,28,Moderate,Monitor,"Large movement distance, Environmental condition, Habitat factor, Active/risk behavior"
S0648,2025-05-23 19:47:00,Boar,Alert,24.47098,78.58797,29.5,Sunny,Grassland,Evening,BOA_004,24.51726,78.64848,2025-05-20 22:40:00,7.998246263044811,69.11666666666666,0.11572094906744362,0,0,0,0,1,4,5,Low,Normal,"Habitat factor, Active/risk behavior"
S0237,2025-05-27 07:38:00,Boar,Playing,24.46755,78.61988,26.1,Windy,Savanna,Evening,BOA_004,24.47098,78.58797,2025-05-23 19:47:00,3.251983825277444,83.85,0.03878334913866958,0,0,0,5,2,2,9,Low,Normal,"Environmental condition, Habitat factor, Active/risk behavior"
S0115,2025-05-30 18:05:00,Boar,Resting,24.51002,78.31536,25.2,Windy,Grassland,Morning,BOA_004,24.46755,78.61988,2025-05-27 07:38:00,31.174772344942994,82.45,0.37810518307996355,0,0,0,5,1,0,6,Low,Normal,"Environmental condition, Habitat factor"
S0328,2025-05-02 14:49:00,Boar,Hunting,24.68126,78.53179,23.6,Rainy,Grassland,Evening,BOA_005,,,,0.0,,0.0,0,0,0,5,1,5,11,Low,Normal,"Environmental condition, Habitat factor, Active/risk behavior"
S0716,2025-05-05 18:08:00,Boar,Socializing,24.66477,78.44885,23.7,Cloudy,Savanna,Morning,BOA_005,24.68126,78.53179,2025-05-02 14:49:00,8.578782431100693,75.31666666666666,0.1139028426346629,0,0,0,2,2,1,5,Low,Normal,"Environmental condition, Habitat factor, Active/risk behavior"
S0568,2025-05-10 04:40:00,Boar,Playing,24.40748,78.43229,31.1,Cloudy,Wetland,Night,BOA_005,24.66477,78.44885,2025-05-05 18:08:00,28.658340393161353,106.53333333333333,0.2690082014376848,0,0,0,2,5,2,9,Low,Normal,"Environmental condition, Habitat factor, Active/risk behavior"
S0633,2025-05-13 08:08:00,Boar,Socializing,24.39673,78.40493,28.7,Windy,Desert,Afternoon,BOA_005,24.40748,78.43229,2025-05-10 04:40:00,3.0173887224033242,75.46666666666667,0.039983066109584686,0,0,0,5,1,1,7,Low,Normal,"Environmental condition, Habitat factor, Active/risk behavior"
S0185,2025-05-15 08:16:00,Boar,Socializing,24.60025,78.59451,28.8,Foggy,Grassland,Night,BOA_005,24.39673,78.40493,2025-05-13 08:08:00,29.666528818061774,48.13333333333333,0.6163406264140258,0,0,0,8,1,1,10,Low,Normal,"Environmental condition, Habitat factor, Active/risk behavior"
S0264,2025-05-16 21:11:00,Boar,Grazing,24.60411,78.47249,34.0,Foggy,Desert,Morning,BOA_005,24.60025,78.59451,2025-05-15 08:16:00,12.343769165743451,36.916666666666664,0.3343684649862786,0,0,0,8,1,1,10,Low,Normal,"Environmental condition, Habitat factor, Active/risk behavior"
S0047,2025-05-22 02:08:00,Boar,Grazing,24.54631,78.45133,30.8,Rainy,Forest,Afternoon,BOA_005,24.60411,78.47249,2025-05-16 21:11:00,6.7739000555193565,124.95,0.05421288559839421,0,0,0,5,3,1,9,Low,Normal,"Environmental condition, Habitat factor, Active/risk behavior"
S0257,2025-05-23 19:48:00,Boar,Grazing,24.40169,78.48695,27.2,Sunny,Savanna,Evening,BOA_005,24.54631,78.45133,2025-05-22 02:08:00,16.480111802007837,41.666666666666664,0.3955226832481881,0,0,0,0,2,1,3,Low,Normal,"Habitat factor, Active/risk behavior"
S0917,2025-05-27 12:45:00,Boar,Alert,24.66879,78.67099,22.6,Rainy,Savanna,Morning,BOA_005,24.40169,78.48695,2025-05-23 19:48:00,35.05243473337031,88.95,0.3940689683346859,0,0,0,5,2,4,11,Low,Normal,"Environmental condition, Habitat factor, Active/risk behavior"
S0173,2025-05-03 08:23:00,Boar,Hunting,24.33453,78.3431,27.6,Windy,Forest,Night,BOA_006,,,,0.0,,0.0,0,0,0,5,3,5,13,Low,Normal,"Environmental condition, Habitat factor, Active/risk behavior"
S0982,2025-05-06 08:46:00,Boar,Hunting,24.50528,78.4769,34.3,Cloudy,Wetland,Evening,BOA_006,24.33453,78.3431,2025-05-03 08:23:00,23.323956043686245,72.38333333333334,0.32222826677899485,0,0,0,2,5,5,12,Low,Normal,"Environmental condition, Habitat factor, Active/risk behavior"
S0566,2025-05-10 20:40:00,Boar,Hunting,24.63323,78.3722,21.2,Sunny,Savanna,Afternoon,BOA_006,24.50528,78.4769,2025-05-06 08:46:00,17.734848133270184,107.9,0.16436374544272644,0,0,0,0,2,5,7,Low,Normal,"Habitat factor, Active/risk behavior"
S0932,2025-05-13 09:23:00,Boar,Running,24.46209,78.34917,21.7,Windy,Grassland,Evening,BOA_006,24.63323,78.3722,2025-05-10 20:40:00,19.17193275412277,60.71666666666667,0.3157606272982065,0,0,0,5,1,5,11,Low,Normal,"Environmental condition, Habitat factor, Active/risk behavior"
S0098,2025-05-15 12:57:00,Boar,Hunting,24.56986,78.36967,23.4,Rainy,Savanna,Evening,BOA_006,24.46209,78.34917,2025-05-13 09:23:00,12.16162641091501,51.56666666666667,0.23584278754198468,0,0,0,5,2,5,12,Low,Normal,"Environmental condition, Habitat factor, Active/risk behavior"
S0787,2025-05-17 01:31:00,Boar,Grazing,24.64499,78.51574,32.6,Cloudy,Savanna,Evening,BOA_006,24.56986,78.36967,2025-05-15 12:57:00,16.966420772710837,36.56666666666667,0.4639859828453282,0,0,0,2,2,1,5,Low,Normal,"Environmental condition, Habitat factor, Active/risk behavior"
S0923,2025-05-22 05:31:00,Boar,Hunting,24.42336,78.34363,29.6,Foggy,Savanna,Night,BOA_006,24.64499,78.51574,2025-05-17 01:31:00,30.173441591417024,124.0,0.24333420638239536,0,0,0,8,2,5,15,Low,Normal,"Environmental condition, Habitat factor, Active/risk behavior"
S0218,2025-05-23 23:30:00,Boar,Running,24.40014,78.34745,18.2,Foggy,Wetland,Evening,BOA_006,24.42336,78.34363,2025-05-22 05:31:00,2.6107571358579715,41.983333333333334,0.06218556099701401,0,0,0,8,5,5,18,Low,Normal,"Environmental condition, Habitat factor, Active/risk behavior"
S0314,2025-05-28 02:06:00,Boar,Resting,24.38859,78.49088,23.7,Foggy,Wetland,Evening,BOA_006,24.40014,78.34745,2025-05-23 23:30:00,14.581526102970537,98.6,0.14788566027353486,0,0,0,8,5,0,13,Low,Normal,"Environmental condition, Habitat factor"
S0310,2025-05-03 15:04:00,Boar,Running,24.31628,78.63525,29.3,Sunny,Grassland,Afternoon,BOA_007,,,,0.0,,0.0,0,0,0,0,1,5,6,Low,Normal,"Habitat factor, Active/risk behavior"
S0928,2025-05-07 14:38:00,Boar,Running,24.55623,78.38704,24.3,Sunny,Desert,Evening,BOA_007,24.31628,78.63525,2025-05-03 15:04:00,36.65065734317183,95.56666666666666,0.38350879675450117,0,0,0,0,1,5,6,Low,Normal,"Habitat factor, Active/risk behavior"
S0445,2025-05-11 11:23:00,Boar,Running,24.3801,78.50301,23.9,Rainy,Wetland,Morning,BOA_007,24.55623,78.38704,2025-05-07 14:38:00,22.832518809205478,92.75,0.2461727095332127,0,0,0,5,5,5,15,Low,Normal,"Environmental condition, Habitat factor, Active/risk behavior"
S0895,2025-05-13 22:47:00,Boar,Grazing,24.61773,78.54205,24.3,Rainy,Grassland,Night,BOA_007,24.3801,78.50301,2025-05-11 11:23:00,26.71689307224674,59.4,0.44977934465061853,0,0,0,5,1,1,7,Low,Normal,"Environmental condition, Habitat factor, Active/risk behavior"
S0758,2025-05-15 18:19:00,Boar,Socializing,24.43472,78.54492,19.3,Rainy,Grassland,Evening,BOA_007,24.61773,78.54205,2025-05-13 22:47:00,20.351854552300917,43.53333333333333,0.46750048741885725,0,0,0,5,1,1,7,Low,Normal,"Environmental condition, Habitat factor, Active/risk behavior"
S0800,2025-05-17 13:36:00,Boar,Socializing,24.41713,78.37127,34.8,Foggy,Wetland,Afternoon,BOA_007,24.43472,78.54492,2025-05-15 18:19:00,17.68924417184887,43.28333333333333,0.4086848865271206,0,0,0,8,5,1,14,Low,Normal,"Environmental condition, Habitat factor, Active/risk behavior"
S0082,2025-05-22 05:43:00,Boar,Alert,24.31209,78.47683,20.4,Foggy,Savanna,Afternoon,BOA_007,24.41713,78.37127,2025-05-17 13:36:00,15.834988941768758,112.11666666666666,0.14123670826611054,0,0,0,8,2,4,14,Low,Normal,"Environmental condition, Habitat factor, Active/risk behavior"
S0022,2025-05-24 04:21:00,Boar,Socializing,24.62701,78.69282,19.5,Windy,Desert,Morning,BOA_007,24.31209,78.47683,2025-05-22 05:43:00,41.28044998788481,46.63333333333333,0.8852133664306964,20,20,0,5,1,1,47,Moderate,Monitor,"High movement speed, Large movement distance, Environmental condition, Habitat factor, Active/risk behavior"
S0339,2025-05-28 03:57:00,Boar,Alert,24.62915,78.57175,24.1,Cloudy,Savanna,Evening,BOA_007,24.62701,78.69282,2025-05-24 04:21:00,12.240037590455364,95.6,0.12803386600894734,0,0,0,2,2,4,8,Low,Normal,"Environmental condition, Habitat factor, Active/risk behavior"
S0981,2025-05-03 15:25:00,Boar,Playing,24.66833,78.31561,30.6,Cloudy,Forest,Night,BOA_008,,,,0.0,,0.0,0,0,0,2,3,2,7,Low,Normal,"Environmental condition, Habitat factor, Active/risk behavior"
S0434,2025-05-07 20:00:00,Boar,Running,24.39885,78.67748,33.3,Foggy,Wetland,Afternoon,BOA_008,24.66833,78.31561,2025-05-03 15:25:00,47.305763445646605,100.58333333333333,0.4703141353336862,0,20,0,8,5,5,38,Moderate,Monitor,"Large movement distance, Environmental condition, Habitat factor, Active/risk behavior"
S0533,2025-05-11 20:27:00,Boar,Socializing,24.448,78.40944,27.6,Windy,Grassland,Afternoon,BOA_008,24.39885,78.67748,2025-05-07 20:00:00,27.682451532057627,96.45,0.2870134943707374,0,0,0,5,1,1,7,Low,Normal,"Environmental condition, Habitat factor, Active/risk behavior"
S0128,2025-05-14 01:33:00,Boar,Grazing,24.60585,78.64781,21.6,Sunny,Grassland,Night,BOA_008,24.448,78.40944,2025-05-11 20:27:00,29.825383868956695,53.1,0.5616833120330827,0,0,0,0,1,1,2,Low,Normal,"Habitat factor, Active/risk behavior"
S0475,2025-05-15 19:37:00,Boar,Hunting,24.65121,78.68506,32.3,Rainy,Wetland,Morning,BOA_008,24.60585,78.64781,2025-05-14 01:33:00,6.2941813887096645,42.06666666666667,0.14962396328152924,0,0,0,5,5,5,15,Low,Normal,"Environmental condition, Habitat factor, Active/risk behavior"
S0324,2025-05-18 14:13:00,Boar,Socializing,24.35848,78.42648,22.2,Cloudy,Savanna,Evening,BOA_008,24.65121,78.68506,2025-05-15 19:37:00,41.76127085893844,66.6,0.6270461089930697,0,20,0,2,2,1,25,Moderate,Monitor,"Large movement distance, Environmental condition, Habitat factor, Active/risk behavior"
S0790,2025-05-22 10:49:00,Boar,Playing,24.58011,78.59352,32.7,Windy,Forest,Afternoon,BOA_008,24.35848,78.42648,2025-05-18 14:13:00,29.885395676653182,92.6,0.32273645439150306,0,0,0,5,3,2,10,Low,Normal,"Environmental condition, Habitat factor, Active/risk behavior"
S0611,2025-05-24 05:01:00,Boar,Socializing,24.34947,78.39703,21.4,Sunny,Desert,Evening,BOA_008,24.58011,78.59352,2025-05-22 10:49:00,32.45319885983648,42.2,0.7690331483373574,0,0,0,0,1,1,2,Low,Normal,"Habitat factor, Active/risk behavior"
S0502,2025-05-28 07:09:00,Boar,Grazing,24.62791,78.41555,26.4,Cloudy,Savanna,Afternoon,BOA_008,24.34947,78.39703,2025-05-24 05:01:00,31.0177824253639,98.13333333333334,0.31607794591063754,0,0,0,2,2,1,5,Low,Normal,"Environmental condition, Habitat factor, Active/risk behavior"
S0875,2025-05-03 20:21:00,Boar,Socializing,24.67325,78.3743,19.0,Windy,Grassland,Night,BOA_009,,,,0.0,,0.0,0,0,0,5,1,1,7,Low,Normal,"Environmental condition, Habitat factor, Active/risk behavior"
S0816,2025-05-07 21:50:00,Boar,Socializing,24.3641,78.61823,24.6,Windy,Grassland,Morning,BOA_009,24.67325,78.3743,2025-05-03 20:21:00,42.3166692242136,97.48333333333333,0.43409132389345456,0,20,0,5,1,1,27,Moderate,Monitor,"Large movement distance, Environmental condition, Habitat factor, Active/risk behavior"
S0417,2025-05-11 23:16:00,Boar,Hunting,24.45838,78.36182,29.2,Rainy,Grassland,Night,BOA_009,24.3641,78.61823,2025-05-07 21:50:00,27.999303928849272,97.43333333333334,0.28736883950238734,0,0,0,5,1,5,11,Low,Normal,"Environmental condition, Habitat factor, Active/risk behavior"
S0200,2025-05-14 02:01:00,Boar,Resting,24.61298,78.69438,30.3,Foggy,Savanna,Afternoon,BOA_009,24.45838,78.36182,2025-05-11 23:16:00,37.777794896915196,50.75,0.7443900472298561,0,0,0,8,2,0,10,Low,Normal,"Environmental condition, Habitat factor"
S0305,2025-05-15 23:26:00,Boar,Playing,24.62986,78.6273,28.5,Foggy,Desert,Morning,BOA_009,24.61298,78.69438,2025-05-14 02:01:00,7.03577549666984,45.416666666666664,0.15491615772484052,0,0,0,8,1,2,11,Low,Normal,"Environmental condition, Habitat factor, Active/risk behavior"
S0168,2025-05-19 02:25:00,Boar,Hunting,24.36061,78.63219,21.7,Cloudy,Grassland,Morning,BOA_009,24.62986,78.6273,2025-05-15 23:26:00,29.943322506248713,74.98333333333333,0.3993330407590404,0,0,0,2,1,5,8,Low,Normal,"Environmental condition, Habitat factor, Active/risk behavior"
S0381,2025-05-22 11:29:00,Boar,Socializing,24.4764,78.44505,23.2,Windy,Forest,Morning,BOA_009,24.36061,78.63219,2025-05-19 02:25:00,22.90820255455185,81.06666666666666,0.28258473545911,0,0,0,5,3,1,9,Low,Normal,"Environmental condition, Habitat factor, Active/risk behavior"
S0696,2025-05-24 16:12:00,Boar,Socializing,24.65352,78.34289,21.4,Rainy,Forest,Evening,BOA_009,24.4764,78.44505,2025-05-22 11:29:00,22.240211468744945,52.71666666666667,0.4218819753792908,0,0,0,5,3,1,9,Low,Normal,"Environmental condition, Habitat factor, Active/risk behavior"
S0631,2025-05-29 00:41:00,Boar,Playing,24.69201,78.32844,26.0,Rainy,Forest,Night,BOA_009,24.65352,78.34289,2025-05-24 16:12:00,4.522091799165679,104.48333333333333,0.043280508526071265,0,0,0,5,3,2,10,Low,Normal,"Environmental condition, Habitat factor, Active/risk behavior"
S0955,2025-05-03 20:30:00,Boar,Resting,24.34649,78.67159,21.9,Windy,Forest,Evening,BOA_010,,,,0.0,,0.0,0,0,0,5,3,0,8,Low,Normal,"Environmental condition, Habitat factor"
S0051,2025-05-08 01:29:00,Boar,Alert,24.6248,78.6909,25.9,Cloudy,Wetland,Night,BOA_010,24.34649,78.67159,2025-05-03 20:30:00,31.008291436031634,100.98333333333333,0.3070634570328269,0,0,0,2,5,4,11,Low,Normal,"Environmental condition, Habitat factor, Active/risk behavior"
S0883,2025-05-12 08:24:00,Boar,Grazing,24.44895,78.44886,24.5,Sunny,Grassland,Afternoon,BOA_010,24.6248,78.6909,2025-05-08 01:29:00,31.333189314460473,102.91666666666667,0.30445204192188313,0,0,0,0,1,1,2,Low,Normal,"Habitat factor, Active/risk behavior"
S0677,2025-05-14 10:14:00,Boar,Running,24.5492,78.63995,20.9,Rainy,Savanna,Night,BOA_010,24.44895,78.44886,2025-05-12 08:24:00,22.318433726518624,49.833333333333336,0.4478615463515443,0,0,0,5,2,5,12,Low,Normal,"Environmental condition, Habitat factor, Active/risk behavior"
S0975,2025-05-15 23:34:00,Boar,Resting,24.35529,78.61647,24.4,Foggy,Forest,Afternoon,BOA_010,24.5492,78.63995,2025-05-14 10:14:00,21.692398994463943,37.333333333333336,0.581046401637427,0,0,0,8,3,0,11,Low,Normal,"Environmental condition, Habitat factor"
S0581,2025-05-19 19:10:00,Boar,Grazing,24.35294,78.69925,32.1,Rainy,Desert,Night,BOA_010,24.35529,78.61647,2025-05-15 23:34:00,8.389697271131261,91.6,0.09159058156256836,0,0,0,5,1,1,7,Low,Normal,"Environmental condition, Habitat factor, Active/risk behavior"
S0093,2025-05-22 13:09:00,Boar,Hunting,24.64863,78.55934,19.7,Cloudy,Wetland,Evening,BOA_010,24.35294,78.69925,2025-05-19 19:10:00,35.79731222223092,65.98333333333333,0.5425205186496225,0,0,0,2,5,5,12,Low,Normal,"Environmental condition, Habitat factor, Active/risk behavior"
S0903,2025-05-24 19:47:00,Boar,Running,24.48587,78.42804,33.8,Cloudy,Desert,Morning,BOA_010,24.64863,78.55934,2025-05-22 13:09:00,22.446641450416415,54.63333333333333,0.4108598191046324,0,0,0,2,1,5,8,Low,Normal,"Environmental condition, Habitat factor, Active/risk behavior"
S0044,2025-05-29 08:57:00,Boar,Resting,24.35831,78.50796,34.6,Sunny,Forest,Evening,BOA_010,24.48587,78.42804,2025-05-24 19:47:00,16.32972076576401,109.16666666666667,0.14958522838867794,0,0,0,0,3,0,3,Low,Normal,Habitat factor
S0288,2025-05-01 08:25:00,Deer,Resting,24.52434,78.61836,22.2,Rainy,Savanna,Evening,DEE_001,,,,0.0,,0.0,0,0,0,5,2,0,7,Low,Normal,"Environmental condition, Habitat factor"
S0163,2025-05-05 09:34:00,Deer,Resting,24.68021,78.474,20.2,Windy,Grassland,Afternoon,DEE_001,24.52434,78.61836,2025-05-01 08:25:00,22.65848596025093,97.15,0.23323197076943827,0,0,0,5,1,0,6,Low,Normal,"Environmental condition, Habitat factor"
S0400,2025-05-09 03:40:00,Deer,Playing,24.30146,78.45561,32.9,Windy,Savanna,Evening,DEE_001,24.68021,78.474,2025-05-05 09:34:00,42.15617077391348,90.1,0.46788202856729727,0,20,0,5,2,2,29,Moderate,Monitor,"Large movement distance, Environmental condition, Habitat factor, Active/risk behavior"
S0947,2025-05-10 23:58:00,Deer,Playing,24.39403,78.3326,33.9,Cloudy,Desert,Afternoon,DEE_001,24.30146,78.45561,2025-05-09 03:40:00,16.16300459763807,44.3,0.36485337692185266,0,0,0,2,1,2,5,Low,Normal,"Environmental condition, Habitat factor, Active/risk behavior"
S0313,2025-05-12 12:11:00,Deer,Playing,24.49761,78.62005,20.7,Rainy,Savanna,Night,DEE_001,24.39403,78.3326,2025-05-10 23:58:00,31.29415074724582,36.21666666666667,0.8640814748434188,20,0,0,5,2,2,29,Moderate,Monitor,"High movement speed, Environmental condition, Habitat factor, Active/risk behavior"
S0945,2025-05-15 05:55:00,Deer,Socializing,24.32867,78.51019,31.1,Rainy,Grassland,Morning,DEE_001,24.49761,78.62005,2025-05-12 12:11:00,21.83166540334128,65.73333333333333,0.3321247272313582,0,0,0,5,1,1,7,Low,Normal,"Environmental condition, Habitat factor, Active/risk behavior"
S0181,2025-05-18 20:58:00,Deer,Playing,24.48804,78.48638,22.2,Cloudy,Grassland,Afternoon,DEE_001,24.32867,78.51019,2025-05-15 05:55:00,17.884383727270865,87.05,0.2054495545924281,0,0,0,2,1,2,5,Low,Normal,"Environmental condition, Habitat factor, Active/risk behavior"
S0059,2025-05-21 18:50:00,Deer,Hunting,24.67319,78.3438,29.3,Sunny,Savanna,Afternoon,DEE_001,24.48804,78.48638,2025-05-18 20:58:00,25.133975101399013,69.86666666666666,0.35974201003910805,0,0,0,0,2,5,7,Low,Normal,"Habitat factor, Active/risk behavior"
S0369,2025-05-23 17:57:00,Deer,Running,24.42664,78.40958,34.7,Sunny,Grassland,Night,DEE_001,24.67319,78.3438,2025-05-21 18:50:00,28.210864449921125,47.11666666666667,0.5987449122728219,0,0,0,0,1,5,6,Low,Normal,"Habitat factor, Active/risk behavior"
S0652,2025-05-27 04:01:00,Deer,Alert,24.36886,78.51007,23.3,Foggy,Forest,Evening,DEE_001,24.42664,78.40958,2025-05-23 17:57:00,12.034634390557892,82.06666666666666,0.14664461077040486,0,0,0,8,3,4,15,Low,Normal,"Environmental condition, Habitat factor, Active/risk behavior"
S0300,2025-05-01 08:33:00,Deer,Socializing,24.30692,78.59295,32.0,Rainy,Wetland,Morning,DEE_002,,,,0.0,,0.0,0,0,0,5,5,1,11,Low,Normal,"Environmental condition, Habitat factor, Active/risk behavior"
S0085,2025-05-06 00:09:00,Deer,Grazing,24.46883,78.69175,30.9,Sunny,Grassland,Night,DEE_002,24.30692,78.59295,2025-05-01 08:33:00,20.597188227035875,111.6,0.18456261852182684,0,0,0,0,1,1,2,Low,Normal,"Habitat factor, Active/risk behavior"
S0659,2025-05-09 08:16:00,Deer,Alert,24.35351,78.3803,33.9,Cloudy,Grassland,Night,DEE_002,24.46883,78.69175,2025-05-06 00:09:00,34.04303942749171,80.11666666666666,0.42491832029321885,0,0,0,2,1,4,7,Low,Normal,"Environmental condition, Habitat factor, Active/risk behavior"
S0424,2025-05-11 05:37:00,Deer,Alert,24.59344,78.6289,23.4,Foggy,Grassland,Evening,DEE_002,24.35351,78.3803,2025-05-09 08:16:00,36.671018190958534,45.35,0.808622231333154,20,0,0,8,1,4,33,Moderate,Monitor,"High movement speed, Environmental condition, Habitat factor, Active/risk behavior"
S0597,2025-05-12 15:33:00,Deer,Playing,24.66638,78.39602,34.1,Foggy,Grassland,Evening,DEE_002,24.59344,78.6289,2025-05-11 05:37:00,24.89719707771797,33.93333333333333,0.7337091476734177,0,0,0,8,1,2,11,Low,Normal,"Environmental condition, Habitat factor, Active/risk behavior"
S0127,2025-05-15 08:33:00,Deer,Hunting,24.44703,78.63213,26.9,Cloudy,Grassland,Night,DEE_002,24.66638,78.39602,2025-05-12 15:33:00,34.134049325754724,65.0,0.5251392203962265,0,0,0,2,1,5,8,Low,Normal,"Environmental condition, Habitat factor, Active/risk behavior"
S0450,2025-05-19 05:57:00,Deer,Hunting,24.57571,78.30675,19.2,Cloudy,Savanna,Morning,DEE_002,24.44703,78.63213,2025-05-15 08:33:00,35.89510076263015,93.4,0.38431585398961615,0,0,0,2,2,5,9,Low,Normal,"Environmental condition, Habitat factor, Active/risk behavior"
S0891,2025-05-21 20:45:00,Deer,Playing,24.54265,78.35779,29.7,Foggy,Forest,Afternoon,DEE_002,24.57571,78.30675,2025-05-19 05:57:00,6.337150346062594,62.8,0.10091003735768463,0,0,0,8,3,2,13,Low,Normal,"Environmental condition, Habitat factor, Active/risk behavior"
S0876,2025-05-23 22:45:00,Deer,Resting,24.39352,78.45599,30.8,Cloudy,Savanna,Evening,DEE_002,24.54265,78.35779,2025-05-21 20:45:00,19.33279410160271,50.0,0.38665588203205414,0,0,0,2,2,0,4,Low,Normal,"Environmental condition, Habitat factor"
S0174,2025-05-27 11:19:00,Deer,Alert,24.488,78.37559,32.1,Cloudy,Forest,Night,DEE_002,24.39352,78.45599,2025-05-23 22:45:00,13.289549065191592,84.56666666666666,0.1571487867385683,0,0,0,2,3,4,9,Low,Normal,"Environmental condition, Habitat factor, Active/risk behavior"
S0911,2025-05-01 22:32:00,Deer,Playing,24.46676,78.38165,33.0,Sunny,Wetland,Morning,DEE_003,,,,0.0,,0.0,0,0,0,0,5,2,7,Low,Normal,"Habitat factor, Active/risk behavior"
S0754,2025-05-06 01:43:00,Deer,Playing,24.34203,78.31707,27.6,Rainy,Forest,Night,DEE_003,24.46676,78.38165,2025-05-01 22:32:00,15.333685825167363,99.18333333333334,0.1545994201831695,0,0,0,5,3,2,10,Low,Normal,"Environmental condition, Habitat factor, Active/risk behavior"
S0195,2025-05-09 09:05:00,Deer,Grazing,24.39782,78.56733,21.0,Cloudy,Desert,Afternoon,DEE_003,24.34203,78.31707,2025-05-06 01:43:00,26.09627765564787,79.36666666666666,0.3288065223307166,0,0,0,2,1,1,4,Low,Normal,"Environmental condition, Habitat factor, Active/risk behavior"
S0898,2025-05-11 10:08:00,Deer,Hunting,24.65502,78.42089,33.6,Cloudy,Grassland,Morning,DEE_003,24.39782,78.56733,2025-05-09 09:05:00,32.20838291905651,49.05,0.6566438923355049,0,0,0,2,1,5,8,Low,Normal,"Environmental condition, Habitat factor, Active/risk behavior"
S0593,2025-05-13 08:16:00,Deer,Grazing,24.54294,78.44306,35.0,Windy,Grassland,Evening,DEE_003,24.65502,78.42089,2025-05-11 10:08:00,12.662689738253718,46.13333333333333,0.27448026889278293,0,0,0,5,1,1,7,Low,Normal,"Environmental condition, Habitat factor, Active/risk behavior"
S0846,2025-05-15 14:39:00,Deer,Alert,24.55574,78.64074,34.9,Cloudy,Forest,Evening,DEE_003,24.54294,78.44306,2025-05-13 08:16:00,20.04460712631225,54.38333333333333,0.36857996554665495,0,0,0,2,3,4,9,Low,Normal,"Environmental condition, Habitat factor, Active/risk behavior"
S0762,2025-05-19 08:55:00,Deer,Grazing,24.41838,78.36243,32.3,Cloudy,Grassland,Night,DEE_003,24.55574,78.64074,2025-05-15 14:39:00,32.03825317885315,90.26666666666667,0.3549289495441634,0,0,0,2,1,1,4,Low,Normal,"Environmental condition, Habitat factor, Active/risk behavior"
S0134,2025-05-22 14:28:00,Deer,Resting,24.54697,78.66683,28.4,Rainy,Desert,Night,DEE_003,24.41838,78.36243,2025-05-19 08:55:00,33.961109596117815,77.55,0.43792533328327293,0,0,0,5,1,0,6,Low,Normal,"Environmental condition, Habitat factor"
S0839,2025-05-25 01:12:00,Deer,Grazing,24.42187,78.61341,19.0,Windy,Savanna,Morning,DEE_003,24.54697,78.66683,2025-05-22 14:28:00,14.923974293048293,58.733333333333334,0.2540971786557598,0,0,0,5,2,1,8,Low,Normal,"Environmental condition, Habitat factor, Active/risk behavior"
S0226,2025-05-28 01:01:00,Deer,Running,24.49049,78.41582,32.4,Cloudy,Savanna,Morning,DEE_003,24.42187,78.61341,2025-05-25 01:12:00,21.40581246024268,71.81666666666666,0.29806190476086347,0,0,0,2,2,5,9,Low,Normal,"Environmental condition, Habitat factor, Active/risk behavior"
S0715,2025-05-02 19:34:00,Deer,Socializing,24.59809,78.36835,31.9,Sunny,Wetland,Night,DEE_004,,,,0.0,,0.0,0,0,0,0,5,1,6,Low,Normal,"Habitat factor, Active/risk behavior"
S0590,2025-05-06 15:18:00,Deer,Playing,24.4807,78.42583,29.2,Rainy,Wetland,Afternoon,DEE_004,24.59809,78.36835,2025-05-02 19:34:00,14.289505724110391,91.73333333333333,0.15577222809713362,0,0,0,5,5,2,12,Low,Normal,"Environmental condition, Habitat factor, Active/risk behavior"
S0451,2025-05-09 17:32:00,Deer,Resting,24.65685,78.30692,25.3,Sunny,Desert,Morning,DEE_004,24.4807,78.42583,2025-05-06 15:18:00,22.983746682097554,74.23333333333333,0.309614908155782,0,0,0,0,1,0,1,Low,Normal,Habitat factor
S0926,2025-05-11 11:29:00,Deer,Resting,24.5129,78.44728,23.3,Sunny,Wetland,Night,DEE_004,24.65685,78.30692,2025-05-09 17:32:00,21.392379405250402,41.95,0.5099494494696162,0,0,0,0,5,0,5,Low,Normal,Habitat factor
S0471,2025-05-13 09:12:00,Deer,Resting,24.58824,78.3879,25.7,Foggy,Desert,Morning,DEE_004,24.5129,78.44728,2025-05-11 11:29:00,10.307825780150852,45.71666666666667,0.22547194561029935,0,0,0,8,1,0,9,Low,Normal,"Environmental condition, Habitat factor"
S0910,2025-05-15 18:49:00,Deer,Playing,24.44817,78.43625,31.2,Windy,Wetland,Morning,DEE_004,24.58824,78.3879,2025-05-13 09:12:00,16.325121621768215,57.61666666666667,0.2833402653474379,0,0,0,5,5,2,12,Low,Normal,"Environmental condition, Habitat factor, Active/risk behavior"
S0038,2025-05-19 09:13:00,Deer,Hunting,24.58619,78.69335,18.5,Sunny,Savanna,Afternoon,DEE_004,24.44817,78.43625,2025-05-15 18:49:00,30.200752867367804,86.4,0.34954575077971994,0,0,0,0,2,5,7,Low,Normal,"Habitat factor, Active/risk behavior"
S0415,2025-05-22 17:21:00,Deer,Resting,24.3518,78.52564,29.8,Windy,Wetland,Evening,DEE_004,24.58619,78.69335,2025-05-19 09:13:00,31.10275143953255,80.13333333333334,0.38813749716554763,0,0,0,5,5,0,10,Low,Normal,"Environmental condition, Habitat factor"
S0478,2025-05-25 08:16:00,Deer,Grazing,24.6247,78.49242,20.8,Rainy,Wetland,Night,DEE_004,24.3518,78.52564,2025-05-22 17:21:00,30.5307262670383,62.916666666666664,0.48525657642974784,0,0,0,5,5,1,11,Low,Normal,"Environmental condition, Habitat factor, Active/risk behavior"
S0269,2025-05-28 02:49:00,Deer,Alert,24.45979,78.66489,25.3,Cloudy,Wetland,Morning,DEE_004,24.6247,78.49242,2025-05-25 08:16:00,25.30978222079472,66.55,0.38031227980157356,0,0,0,2,5,4,11,Low,Normal,"Environmental condition, Habitat factor, Active/risk behavior"
S0869,2025-05-03 04:15:00,Deer,Playing,24.43971,78.47811,24.8,Windy,Grassland,Evening,DEE_005,,,,0.0,,0.0,0,0,0,5,1,2,8,Low,Normal,"Environmental condition, Habitat factor, Active/risk behavior"
S0897,2025-05-06 18:19:00,Deer,Grazing,24.61152,78.36155,25.6,Windy,Grassland,Morning,DEE_005,24.43971,78.47811,2025-05-03 04:15:00,22.450329574186796,86.06666666666666,0.26084813602850654,0,0,0,5,1,1,7,Low,Normal,"Environmental condition, Habitat factor, Active/risk behavior"
S0809,2025-05-09 18:47:00,Deer,Running,24.32185,78.46838,33.4,Foggy,Grassland,Evening,DEE_005,24.61152,78.36155,2025-05-06 18:19:00,33.97613552853464,72.46666666666667,0.46885191621712935,0,0,0,8,1,5,14,Low,Normal,"Environmental condition, Habitat factor, Active/risk behavior"
S0144,2025-05-11 13:53:00,Deer,Socializing,24.50796,78.32036,28.2,Windy,Wetland,Night,DEE_005,24.32185,78.46838,2025-05-09 18:47:00,25.551493794877853,43.1,0.5928420834078388,0,0,0,5,5,1,11,Low,Normal,"Environmental condition, Habitat factor, Active/risk behavior"
S0621,2025-05-13 14:16:00,Deer,Grazing,24.58041,78.33467,24.5,Foggy,Desert,Morning,DEE_005,24.50796,78.32036,2025-05-11 13:53:00,8.185067429408342,48.38333333333333,0.16917121796917,0,0,0,8,1,1,10,Low,Normal,"Environmental condition, Habitat factor, Active/risk behavior"
S0599,2025-05-16 10:27:00,Deer,Socializing,24.46989,78.56275,29.3,Rainy,Savanna,Evening,DEE_005,24.58041,78.33467,2025-05-13 14:16:00,26.141900553183884,68.18333333333334,0.38340602131289,0,0,0,5,2,1,8,Low,Normal,"Environmental condition, Habitat factor, Active/risk behavior"
S0118,2025-05-19 16:38:00,Deer,Resting,24.59632,78.52936,31.2,Foggy,Grassland,Night,DEE_005,24.46989,78.56275,2025-05-16 10:27:00,14.458428548376737,78.18333333333334,0.18492980449853,0,0,0,8,1,0,9,Low,Normal,"Environmental condition, Habitat factor"
S0858,2025-05-22 22:50:00,Deer,Grazing,24.68189,78.49129,29.9,Rainy,Grassland,Morning,DEE_005,24.59632,78.52936,2025-05-19 16:38:00,10.26350683419784,78.2,0.13124689046288796,0,0,0,5,1,1,7,Low,Normal,"Environmental condition, Habitat factor, Active/risk behavior"
S0028,2025-05-25 10:02:00,Deer,Playing,24.39537,78.31389,34.2,Cloudy,Grassland,Night,DEE_005,24.68189,78.49129,2025-05-22 22:50:00,36.56543573410938,59.2,0.6176593874004962,0,0,0,2,1,2,5,Low,Normal,"Environmental condition, Habitat factor, Active/risk behavior"
S0859,2025-05-29 04:23:00,Deer,Playing,24.50892,78.65697,33.5,Windy,Grassland,Night,DEE_005,24.39537,78.31389,2025-05-25 10:02:00,36.95118571658451,90.35,0.40897825917636427,0,0,0,5,1,2,8,Low,Normal,"Environmental condition, Habitat factor, Active/risk behavior"
S0056,2025-05-03 17:31:00,Deer,Alert,24.64859,78.33068,30.7,Windy,Wetland,Night,DEE_006,,,,0.0,,0.0,0,0,0,5,5,4,14,Low,Normal,"Environmental condition, Habitat factor, Active/risk behavior"
S0717,2025-05-06 19:02:00,Deer,Running,24.60441,78.67413,26.7,Cloudy,Desert,Afternoon,DEE_006,24.64859,78.33068,2025-05-03 17:31:00,35.06212687758796,73.51666666666667,0.4769275929846469,0,0,0,2,1,5,8,Low,Normal,"Environmental condition, Habitat factor, Active/risk behavior"
S0637,2025-05-09 22:24:00,Deer,Resting,24.62224,78.41039,34.3,Cloudy,Grassland,Morning,DEE_006,24.60441,78.67413,2025-05-06 19:02:00,26.735526623709532,75.36666666666666,0.3547394067719089,0,0,0,2,1,0,3,Low,Normal,"Environmental condition, Habitat factor"
S0407,2025-05-11 19:38:00,Deer,Alert,24.5801,78.50452,21.3,Cloudy,Desert,Night,DEE_006,24.62224,78.41039,2025-05-09 22:24:00,10.607712071021977,45.233333333333334,0.2345109521965065,0,0,0,2,1,4,7,Low,Normal,"Environmental condition, Habitat factor, Active/risk behavior"
S0301,2025-05-13 21:49:00,Deer,Socializing,24.32591,78.3198,28.8,Cloudy,Desert,Night,DEE_006,24.5801,78.50452,2025-05-11 19:38:00,33.88931963407687,50.18333333333333,0.675310255079579,0,0,0,2,1,1,4,Low,Normal,"Environmental condition, Habitat factor, Active/risk behavior"
S0295,2025-05-16 12:35:00,Deer,Playing,24.44607,78.38786,20.5,Sunny,Wetland,Evening,DEE_006,24.32591,78.3198,2025-05-13 21:49:00,15.034333645599697,62.766666666666666,0.23952735494848162,0,0,0,0,5,2,7,Low,Normal,"Habitat factor, Active/risk behavior"
S0577,2025-05-20 07:51:00,Deer,Playing,24.32924,78.62711,19.8,Foggy,Desert,Afternoon,DEE_006,24.44607,78.38786,2025-05-16 12:35:00,27.49251494141665,91.26666666666667,0.3012328152821401,0,0,0,8,1,2,11,Low,Normal,"Environmental condition, Habitat factor, Active/risk behavior"
S0382,2025-05-23 00:54:00,Deer,Hunting,24.32278,78.50166,29.4,Windy,Savanna,Afternoon,DEE_006,24.32924,78.62711,2025-05-20 07:51:00,12.731205078869179,65.05,0.19571414417938784,0,0,0,5,2,5,12,Low,Normal,"Environmental condition, Habitat factor, Active/risk behavior"
S0107,2025-05-25 11:06:00,Deer,Resting,24.34546,78.66622,21.1,Sunny,Desert,Evening,DEE_006,24.32278,78.50166,2025-05-23 00:54:00,16.86223814968114,58.2,0.28972917782957286,0,0,0,0,1,0,1,Low,Normal,Habitat factor
S0806,2025-05-29 04:42:00,Deer,Alert,24.41676,78.50533,20.7,Cloudy,Grassland,Evening,DEE_006,24.34546,78.66622,2025-05-25 11:06:00,18.121082763585523,89.6,0.20224422727215988,0,0,0,2,1,4,7,Low,Normal,"Environmental condition, Habitat factor, Active/risk behavior"
S0820,2025-05-04 00:12:00,Deer,Resting,24.63478,78.51297,27.4,Sunny,Desert,Evening,DEE_007,,,,0.0,,0.0,0,0,0,0,1,0,1,Low,Normal,Habitat factor
S0414,2025-05-07 01:26:00,Deer,Grazing,24.54559,78.4297,19.4,Windy,Savanna,Afternoon,DEE_007,24.63478,78.51297,2025-05-04 00:12:00,13.009366269251567,73.23333333333333,0.17764268915682613,0,0,0,5,2,1,8,Low,Normal,"Environmental condition, Habitat factor, Active/risk behavior"
S0574,2025-05-09 22:46:00,Deer,Socializing,24.48988,78.44417,23.3,Sunny,Desert,Morning,DEE_007,24.54559,78.4297,2025-05-07 01:26:00,6.365294031324105,69.33333333333333,0.09180712545178998,0,0,0,0,1,1,2,Low,Normal,"Habitat factor, Active/risk behavior"
S0542,2025-05-11 20:17:00,Deer,Hunting,24.6008,78.69489,32.2,Rainy,Desert,Night,DEE_007,24.48988,78.44417,2025-05-09 22:46:00,28.19970039480378,45.516666666666666,0.6195466948693618,0,0,0,5,1,5,11,Low,Normal,"Environmental condition, Habitat factor, Active/risk behavior"
S0449,2025-05-14 00:52:00,Deer,Resting,24.61493,78.52865,25.4,Sunny,Savanna,Night,DEE_007,24.6008,78.69489,2025-05-11 20:17:00,16.879496393910774,52.583333333333336,0.32100468577960267,0,0,0,0,2,0,2,Low,Normal,Habitat factor
S0017,2025-05-17 22:19:00,Deer,Running,24.33201,78.40545,27.8,Cloudy,Savanna,Morning,DEE_007,24.61493,78.52865,2025-05-14 00:52:00,33.840000978027106,93.45,0.3621187905620878,0,0,0,2,2,5,9,Low,Normal,"Environmental condition, Habitat factor, Active/risk behavior"
S0705,2025-05-20 09:18:00,Deer,Resting,24.51527,78.63725,29.3,Foggy,Desert,Afternoon,DEE_007,24.33201,78.40545,2025-05-17 22:19:00,31.08076025975554,58.983333333333334,0.5269414002784211,0,0,0,8,1,0,9,Low,Normal,"Environmental condition, Habitat factor"
S0635,2025-05-23 04:57:00,Deer,Socializing,24.42726,78.58626,32.2,Rainy,Wetland,Morning,DEE_007,24.51527,78.63725,2025-05-20 09:18:00,11.063533849655922,67.65,0.163540781221817,0,0,0,5,5,1,11,Low,Normal,"Environmental condition, Habitat factor, Active/risk behavior"
S0329,2025-05-25 22:15:00,Deer,Resting,24.68127,78.52348,28.9,Rainy,Savanna,Evening,DEE_007,24.42726,78.58626,2025-05-23 04:57:00,28.94952773460857,65.3,0.44333120573673157,0,0,0,5,2,0,7,Low,Normal,"Environmental condition, Habitat factor"
S0905,2025-05-29 12:32:00,Deer,Alert,24.65363,78.40934,28.2,Rainy,Grassland,Afternoon,DEE_007,24.68127,78.52348,2025-05-25 22:15:00,11.936079464369646,86.28333333333333,0.13833586398728584,0,0,0,5,1,4,10,Low,Normal,"Environmental condition, Habitat factor, Active/risk behavior"
S0924,2025-05-04 13:36:00,Deer,Resting,24.30774,78.67271,34.7,Sunny,Desert,Afternoon,DEE_008,,,,0.0,,0.0,0,0,0,0,1,0,1,Low,Normal,Habitat factor
S0483,2025-05-07 04:01:00,Deer,Alert,24.64445,78.65659,28.9,Windy,Grassland,Evening,DEE_008,24.30774,78.67271,2025-05-04 13:36:00,37.47596857160686,62.416666666666664,0.6004160518815519,0,0,0,5,1,4,10,Low,Normal,"Environmental condition, Habitat factor, Active/risk behavior"
S0906,2025-05-10 03:34:00,Deer,Resting,24.51314,78.3726,20.0,Sunny,Wetland,Afternoon,DEE_008,24.64445,78.65659,2025-05-07 04:01:00,32.215702137666874,71.55,0.4502543974516684,0,0,0,0,5,0,5,Low,Normal,Habitat factor
S0819,2025-05-11 20:24:00,Deer,Playing,24.3682,78.6403,30.7,Cloudy,Forest,Afternoon,DEE_008,24.51314,78.3726,2025-05-10 03:34:00,31.529753848731954,40.833333333333336,0.772157237111803,0,0,0,2,3,2,7,Low,Normal,"Environmental condition, Habitat factor, Active/risk behavior"
S0844,2025-05-14 14:04:00,Deer,Resting,24.62821,78.64147,30.0,Foggy,Forest,Afternoon,DEE_008,24.3682,78.6403,2025-05-11 20:24:00,28.912035254092142,65.66666666666667,0.44028480082373816,0,0,0,8,3,0,11,Low,Normal,"Environmental condition, Habitat factor"
S0826,2025-05-17 22:55:00,Deer,Running,24.34131,78.52393,19.8,Rainy,Forest,Night,DEE_008,24.62821,78.64147,2025-05-14 14:04:00,34.0471004261066,80.85,0.42111441467045896,0,0,0,5,3,5,13,Low,Normal,"Environmental condition, Habitat factor, Active/risk behavior"
S0845,2025-05-20 09:31:00,Deer,Running,24.67047,78.60143,25.6,Cloudy,Grassland,Night,DEE_008,24.34131,78.52393,2025-05-17 22:55:00,37.4314511429346,58.6,0.6387619648964948,0,0,0,2,1,5,8,Low,Normal,"Environmental condition, Habitat factor, Active/risk behavior"
S0374,2025-05-23 08:35:00,Deer,Grazing,24.45155,78.53837,24.7,Sunny,Desert,Evening,DEE_008,24.67047,78.60143,2025-05-20 09:31:00,25.164341341165077,71.06666666666666,0.3540948593972572,0,0,0,0,1,1,2,Low,Normal,"Habitat factor, Active/risk behavior"
S0002,2025-05-26 14:55:00,Deer,Resting,24.41096,78.36023,27.4,Windy,Desert,Night,DEE_008,24.45155,78.53837,2025-05-23 08:35:00,18.590787733768853,78.33333333333333,0.2373292051119428,0,0,0,5,1,0,6,Low,Normal,"Environmental condition, Habitat factor"
S0007,2025-05-30 15:59:00,Deer,Hunting,24.62687,78.48979,30.9,Cloudy,Wetland,Morning,DEE_008,24.41096,78.36023,2025-05-26 14:55:00,27.353059102030283,97.06666666666666,0.281796625364323,0,0,0,2,5,5,12,Low,Normal,"Environmental condition, Habitat factor, Active/risk behavior"
S0403,2025-05-04 21:08:00,Deer,Grazing,24.60819,78.37986,25.5,Foggy,Wetland,Night,DEE_009,,,,0.0,,0.0,0,0,0,8,5,1,14,Low,Normal,"Environmental condition, Habitat factor, Active/risk behavior"
S0709,2025-05-07 06:34:00,Deer,Playing,24.68634,78.36422,25.9,Cloudy,Wetland,Evening,DEE_009,24.60819,78.37986,2025-05-04 21:08:00,8.832469179167974,57.43333333333333,0.15378646278295952,0,0,0,2,5,2,9,Low,Normal,"Environmental condition, Habitat factor, Active/risk behavior"
S0202,2025-05-10 10:05:00,Deer,Running,24.55999,78.66238,25.9,Sunny,Grassland,Afternoon,DEE_009,24.68634,78.36422,2025-05-07 06:34:00,33.25287308059287,75.51666666666667,0.440338200140272,0,0,0,0,1,5,6,Low,Normal,"Habitat factor, Active/risk behavior"
S0863,2025-05-11 21:38:00,Deer,Grazing,24.61877,78.36119,22.6,Rainy,Desert,Afternoon,DEE_009,24.55999,78.66238,2025-05-10 10:05:00,31.14711480994381,35.55,0.8761495023894181,20,0,0,5,1,1,27,Moderate,Monitor,"High movement speed, Environmental condition, Habitat factor, Active/risk behavior"
S0108,2025-05-15 01:07:00,Deer,Running,24.67999,78.60659,25.3,Foggy,Forest,Afternoon,DEE_009,24.61877,78.36119,2025-05-11 21:38:00,25.718019429669503,75.48333333333333,0.34071123112832197,0,0,0,8,3,5,16,Low,Normal,"Environmental condition, Habitat factor, Active/risk behavior"
S0744,2025-05-18 07:54:00,Deer,Hunting,24.40111,78.44312,33.6,Foggy,Savanna,Morning,DEE_009,24.67999,78.60659,2025-05-15 01:07:00,35.14299227067498,78.78333333333333,0.4460714060166065,0,0,0,8,2,5,15,Low,Normal,"Environmental condition, Habitat factor, Active/risk behavior"
S0126,2025-05-20 10:26:00,Deer,Hunting,24.61889,78.42707,26.7,Rainy,Desert,Evening,DEE_009,24.40111,78.44312,2025-05-18 07:54:00,24.270415672795323,50.53333333333333,0.48028527056982834,0,0,0,5,1,5,11,Low,Normal,"Environmental condition, Habitat factor, Active/risk behavior"
S0283,2025-05-23 17:02:00,Deer,Socializing,24.4184,78.502,27.0,Foggy,Wetland,Evening,DEE_009,24.61889,78.42707,2025-05-20 10:26:00,23.547039669471296,78.6,0.29958065737240835,0,0,0,8,5,1,14,Low,Normal,"Environmental condition, Habitat factor, Active/risk behavior"
S0436,2025-05-26 18:05:00,Deer,Socializing,24.38453,78.51258,31.4,Foggy,Savanna,Afternoon,DEE_009,24.4184,78.502,2025-05-23 17:02:00,3.915591005596017,73.05,0.05360151958379216,0,0,0,8,2,1,11,Low,Normal,"Environmental condition, Habitat factor, Active/risk behavior"
S0662,2025-05-04 23:43:00,Deer,Alert,24.49991,78.34263,29.4,Windy,Forest,Night,DEE_010,,,,0.0,,0.0,0,0,0,5,3,4,12,Low,Normal,"Environmental condition, Habitat factor, Active/risk behavior"
S0977,2025-05-08 17:39:00,Deer,Resting,24.64618,78.46122,28.1,Windy,Desert,Evening,DEE_010,24.49991,78.34263,2025-05-04 23:43:00,20.207646332297028,89.93333333333334,0.22469584505889947,0,0,0,5,1,0,6,Low,Normal,"Environmental condition, Habitat factor"
S0792,2025-05-10 14:44:00,Deer,Playing,24.47284,78.60674,25.2,Windy,Grassland,Morning,DEE_010,24.64618,78.46122,2025-05-08 17:39:00,24.250828126927903,45.083333333333336,0.5379111599318573,0,0,0,5,1,2,8,Low,Normal,"Environmental condition, Habitat factor, Active/risk behavior"
S0317,2025-05-12 07:53:00,Deer,Playing,24.328,78.34805,21.5,Windy,Forest,Night,DEE_010,24.47284,78.60674,2025-05-10 14:44:00,30.750648862371545,41.15,0.7472818678583608,0,0,0,5,3,2,10,Low,Normal,"Environmental condition, Habitat factor, Active/risk behavior"
S0133,2025-05-15 05:32:00,Deer,Hunting,24.66452,78.64423,21.5,Cloudy,Forest,Evening,DEE_010,24.328,78.34805,2025-05-12 07:53:00,47.94120751875415,69.65,0.6883159729900092,0,20,0,2,3,5,30,Moderate,Monitor,"Large movement distance, Environmental condition, Habitat factor, Active/risk behavior"
S0983,2025-05-18 10:12:00,Deer,Grazing,24.4538,78.39782,22.1,Foggy,Grassland,Evening,DEE_010,24.66452,78.64423,2025-05-15 05:32:00,34.206071452706254,76.66666666666667,0.44616614938312504,0,0,0,8,1,1,10,Low,Normal,"Environmental condition, Habitat factor, Active/risk behavior"
S0740,2025-05-21 00:52:00,Deer,Hunting,24.53789,78.37518,21.3,Foggy,Savanna,Evening,DEE_010,24.4538,78.39782,2025-05-18 10:12:00,9.626924355202954,62.666666666666664,0.15362113332770672,0,0,0,8,2,5,15,Low,Normal,"Environmental condition, Habitat factor, Active/risk behavior"
S0952,2025-05-23 17:26:00,Deer,Playing,24.35905,78.39845,31.9,Sunny,Grassland,Morning,DEE_010,24.53789,78.37518,2025-05-21 00:52:00,20.025117885176304,64.56666666666666,0.31014637922317456,0,0,0,0,1,2,3,Low,Normal,"Habitat factor, Active/risk behavior"
S0798,2025-05-27 02:50:00,Deer,Hunting,24.63308,78.68715,20.8,Foggy,Forest,Evening,DEE_010,24.35905,78.39845,2025-05-23 17:26:00,42.21174849122082,81.4,0.5185718487864965,0,20,0,8,3,5,36,Moderate,Monitor,"Large movement distance, Environmental condition, Habitat factor, Active/risk behavior"
S0333,2025-05-02 00:26:00,Elephant,Resting,24.44928,78.36984,33.7,Windy,Desert,Morning,ELE_001,,,,0.0,,0.0,0,0,0,5,1,0,6,Low,Normal,"Environmental condition, Habitat factor"
S0737,2025-05-04 18:31:00,Elephant,Alert,24.69031,78.45155,27.5,Foggy,Wetland,Evening,ELE_001,24.44928,78.36984,2025-05-02 00:26:00,28.046186950653503,66.08333333333333,0.4244063599090064,0,0,0,8,5,4,17,Low,Normal,"Environmental condition, Habitat factor, Active/risk behavior"
S0765,2025-05-10 05:49:00,Elephant,Playing,24.38417,78.59222,28.7,Rainy,Savanna,Night,ELE_001,24.69031,78.45155,2025-05-04 18:31:00,36.89544369629942,131.3,0.28100109441202903,0,0,0,5,2,2,9,Low,Normal,"Environmental condition, Habitat factor, Active/risk behavior"
S0927,2025-05-13 23:20:00,Elephant,Hunting,24.41938,78.54128,26.9,Cloudy,Wetland,Night,ELE_001,24.38417,78.59222,2025-05-10 05:49:00,6.475838752708387,89.51666666666667,0.07234226869530873,0,0,0,2,5,5,12,Low,Normal,"Environmental condition, Habitat factor, Active/risk behavior"
S0149,2025-05-17 17:13:00,Elephant,Grazing,24.38182,78.55895,19.6,Cloudy,Grassland,Afternoon,ELE_001,24.41938,78.54128,2025-05-13 23:20:00,4.543638212186479,89.88333333333334,0.05055039731711268,0,0,0,2,1,1,4,Low,Normal,"Environmental condition, Habitat factor, Active/risk behavior"
S0672,2025-05-20 00:48:00,Elephant,Socializing,24.48121,78.56853,24.9,Cloudy,Forest,Morning,ELE_001,24.38182,78.55895,2025-05-17 17:13:00,11.094138191707055,55.583333333333336,0.19959469010567413,0,0,0,2,3,1,6,Low,Normal,"Environmental condition, Habitat factor, Active/risk behavior"
S0060,2025-05-22 00:02:00,Elephant,Playing,24.54652,78.32237,32.4,Foggy,Forest,Night,ELE_001,24.48121,78.56853,2025-05-20 00:48:00,25.94169366994601,47.233333333333334,0.549224283767382,0,0,0,8,3,2,13,Low,Normal,"Environmental condition, Habitat factor, Active/risk behavior"
S0535,2025-05-25 11:40:00,Elephant,Resting,24.42791,78.43449,27.7,Windy,Savanna,Evening,ELE_001,24.54652,78.32237,2025-05-22 00:02:00,17.39748078894195,83.63333333333334,0.20802089424801057,0,0,0,5,2,0,7,Low,Normal,"Environmental condition, Habitat factor"
S0773,2025-05-29 18:42:00,Elephant,Socializing,24.35341,78.69141,25.1,Foggy,Forest,Afternoon,ELE_001,24.42791,78.43449,2025-05-25 11:40:00,27.305455455315563,103.03333333333333,0.26501574366207276,0,0,0,8,3,1,12,Low,Normal,"Environmental condition, Habitat factor, Active/risk behavior"
S0358,2025-05-02 01:26:00,Elephant,Running,24.42729,78.36614,34.9,Foggy,Savanna,Morning,ELE_002,,,,0.0,,0.0,0,0,0,8,2,5,15,Low,Normal,"Environmental condition, Habitat factor, Active/risk behavior"
S0418,2025-05-06 13:11:00,Elephant,Alert,24.56573,78.35854,29.3,Foggy,Grassland,Evening,ELE_002,24.42729,78.36614,2025-05-02 01:26:00,15.41302202970606,107.75,0.14304428797871052,0,0,0,8,1,4,13,Low,Normal,"Environmental condition, Habitat factor, Active/risk behavior"
S0969,2025-05-10 07:21:00,Elephant,Grazing,24.53595,78.3272,18.6,Cloudy,Savanna,Evening,ELE_002,24.56573,78.35854,2025-05-06 13:11:00,4.583979064452223,90.16666666666667,0.0508389545040912,0,0,0,2,2,1,5,Low,Normal,"Environmental condition, Habitat factor, Active/risk behavior"
S0373,2025-05-14 14:46:00,Elephant,Alert,24.38668,78.52863,29.6,Rainy,Forest,Evening,ELE_002,24.53595,78.3272,2025-05-10 07:21:00,26.289703850528085,103.41666666666667,0.2542114796183215,0,0,0,5,3,4,12,Low,Normal,"Environmental condition, Habitat factor, Active/risk behavior"
S0958,2025-05-17 23:45:00,Elephant,Grazing,24.33051,78.59754,19.9,Foggy,Desert,Morning,ELE_002,24.38668,78.52863,2025-05-14 14:46:00,9.366722413810859,80.98333333333333,0.11566234715551585,0,0,0,8,1,1,10,Low,Normal,"Environmental condition, Habitat factor, Active/risk behavior"
S0331,2025-05-20 03:51:00,Elephant,Running,24.53541,78.49067,22.0,Rainy,Forest,Morning,ELE_002,24.33051,78.59754,2025-05-17 23:45:00,25.222175541640468,52.1,0.48411085492592065,0,0,0,5,3,5,13,Low,Normal,"Environmental condition, Habitat factor, Active/risk behavior"
S0823,2025-05-22 06:01:00,Elephant,Running,24.41968,78.48145,19.1,Rainy,Savanna,Evening,ELE_002,24.53541,78.49067,2025-05-20 03:51:00,12.902372140004816,50.166666666666664,0.25719014232567744,0,0,0,5,2,5,12,Low,Normal,"Environmental condition, Habitat factor, Active/risk behavior"
S0836,2025-05-25 20:57:00,Elephant,Running,24.39029,78.32685,20.1,Cloudy,Grassland,Morning,ELE_002,24.41968,78.48145,2025-05-22 06:01:00,15.99217544741033,86.93333333333334,0.18395907339812495,0,0,0,2,1,5,8,Low,Normal,"Environmental condition, Habitat factor, Active/risk behavior"
S0960,2025-05-30 01:11:00,Elephant,Grazing,24.48775,78.48098,26.6,Cloudy,Desert,Night,ELE_002,24.39029,78.32685,2025-05-25 20:57:00,18.997165006583582,100.23333333333333,0.18952941476471816,0,0,0,2,1,1,4,Low,Normal,"Environmental condition, Habitat factor, Active/risk behavior"
S0459,2025-05-02 06:05:00,Elephant,Grazing,24.37105,78.39873,20.2,Rainy,Wetland,Evening,ELE_003,,,,0.0,,0.0,0,0,0,5,5,1,11,Low,Normal,"Environmental condition, Habitat factor, Active/risk behavior"
S0565,2025-05-06 13:59:00,Elephant,Resting,24.56894,78.59967,30.3,Cloudy,Grassland,Afternoon,ELE_003,24.37105,78.39873,2025-05-02 06:05:00,29.962771238821407,103.9,0.2883808588914476,0,0,0,2,1,0,3,Low,Normal,"Environmental condition, Habitat factor"
S0778,2025-05-10 09:19:00,Elephant,Socializing,24.53924,78.58901,24.9,Foggy,Grassland,Evening,ELE_003,24.56894,78.59967,2025-05-06 13:59:00,3.474023140009843,91.33333333333333,0.03803674970813697,0,0,0,8,1,1,10,Low,Normal,"Environmental condition, Habitat factor, Active/risk behavior"
S0263,2025-05-14 15:57:00,Elephant,Resting,24.57533,78.53326,22.7,Foggy,Grassland,Morning,ELE_003,24.53924,78.58901,2025-05-10 09:19:00,6.920674446464709,102.63333333333334,0.06743105988760677,0,0,0,8,1,0,9,Low,Normal,"Environmental condition, Habitat factor"
S0537,2025-05-18 09:44:00,Elephant,Socializing,24.51638,78.59462,26.4,Sunny,Wetland,Night,ELE_003,24.57533,78.53326,2025-05-14 15:57:00,9.026945285624883,89.78333333333333,0.10054143626090459,0,0,0,0,5,1,6,Low,Normal,"Habitat factor, Active/risk behavior"
S0588,2025-05-20 08:25:00,Elephant,Playing,24.4625,78.34845,30.0,Rainy,Forest,Night,ELE_003,24.51638,78.59462,2025-05-18 09:44:00,25.620666612839,46.68333333333333,0.5488182780329668,0,0,0,5,3,2,10,Low,Normal,"Environmental condition, Habitat factor, Active/risk behavior"
S0610,2025-05-22 08:59:00,Elephant,Socializing,24.35225,78.42559,23.5,Sunny,Desert,Night,ELE_003,24.4625,78.34845,2025-05-20 08:25:00,14.536186336519078,48.56666666666667,0.2993037680820675,0,0,0,0,1,1,2,Low,Normal,"Habitat factor, Active/risk behavior"
S0728,2025-05-25 22:54:00,Elephant,Alert,24.48947,78.32957,22.0,Windy,Desert,Afternoon,ELE_003,24.35225,78.42559,2025-05-22 08:59:00,18.09207467562377,85.91666666666667,0.21057700883364233,0,0,0,5,1,4,10,Low,Normal,"Environmental condition, Habitat factor, Active/risk behavior"
S0592,2025-05-30 23:15:00,Elephant,Grazing,24.5422,78.50563,31.9,Foggy,Forest,Morning,ELE_003,24.48947,78.32957,2025-05-25 22:54:00,18.75226291537924,120.35,0.15581439896451385,0,0,0,8,3,1,12,Low,Normal,"Environmental condition, Habitat factor, Active/risk behavior"
S0117,2025-05-02 13:28:00,Elephant,Alert,24.4191,78.30262,26.2,Rainy,Forest,Night,ELE_004,,,,0.0,,0.0,0,0,0,5,3,4,12,Low,Normal,"Environmental condition, Habitat factor, Active/risk behavior"
S0090,2025-05-06 19:32:00,Elephant,Hunting,24.65484,78.3363,33.6,Cloudy,Savanna,Morning,ELE_004,24.4191,78.30262,2025-05-02 13:28:00,26.433553423857504,102.06666666666666,0.25898321447280376,0,0,0,2,2,5,9,Low,Normal,"Environmental condition, Habitat factor, Active/risk behavior"
S0348,2025-05-11 03:26:00,Elephant,Hunting,24.36854,78.60316,24.2,Sunny,Desert,Afternoon,ELE_004,24.65484,78.3363,2025-05-06 19:32:00,41.74240567276942,103.9,0.40175558876582695,0,20,0,0,1,5,26,Moderate,Monitor,"Large movement distance, Habitat factor, Active/risk behavior"
S0501,2025-05-15 01:20:00,Elephant,Playing,24.46159,78.42668,19.0,Rainy,Wetland,Afternoon,ELE_004,24.36854,78.60316,2025-05-11 03:26:00,20.64822013295283,93.9,0.21989584806126547,0,0,0,5,5,2,12,Low,Normal,"Environmental condition, Habitat factor, Active/risk behavior"
S0336,2025-05-18 10:26:00,Elephant,Playing,24.31748,78.60227,22.2,Sunny,Desert,Morning,ELE_004,24.46159,78.42668,2025-05-15 01:20:00,23.937180104912148,81.1,0.2951563514785715,0,0,0,0,1,2,3,Low,Normal,"Habitat factor, Active/risk behavior"
S0540,2025-05-20 08:44:00,Elephant,Hunting,24.32226,78.34944,29.6,Cloudy,Desert,Morning,ELE_004,24.31748,78.60227,2025-05-18 10:26:00,25.624152868190038,46.3,0.5534374269587482,0,0,0,2,1,5,8,Low,Normal,"Environmental condition, Habitat factor, Active/risk behavior"
S0544,2025-05-22 20:23:00,Elephant,Grazing,24.49495,78.52327,27.2,Cloudy,Wetland,Afternoon,ELE_004,24.32226,78.34944,2025-05-20 08:44:00,26.048722992775932,59.65,0.43669275763245485,0,0,0,2,5,1,8,Low,Normal,"Environmental condition, Habitat factor, Active/risk behavior"
S0320,2025-05-26 04:38:00,Elephant,Running,24.44745,78.60034,32.7,Cloudy,Wetland,Night,ELE_004,24.49495,78.52327,2025-05-22 20:23:00,9.420001408392814,80.25,0.11738319512015967,0,0,0,2,5,5,12,Low,Normal,"Environmental condition, Habitat factor, Active/risk behavior"
S0399,2025-05-31 03:08:00,Elephant,Socializing,24.36813,78.3954,33.1,Cloudy,Wetland,Night,ELE_004,24.44745,78.60034,2025-05-26 04:38:00,22.548226471476628,118.5,0.19028039216435974,0,0,0,2,5,1,8,Low,Normal,"Environmental condition, Habitat factor, Active/risk behavior"
S0877,2025-05-02 16:52:00,Elephant,Hunting,24.54716,78.47622,23.3,Cloudy,Wetland,Night,ELE_005,,,,0.0,,0.0,0,0,0,2,5,5,12,Low,Normal,"Environmental condition, Habitat factor, Active/risk behavior"
S0824,2025-05-07 04:11:00,Elephant,Hunting,24.51066,78.40936,26.5,Windy,Savanna,Evening,ELE_005,24.54716,78.47622,2025-05-02 16:52:00,7.887831053061662,107.31666666666666,0.0735005223145985,0,0,0,5,2,5,12,Low,Normal,"Environmental condition, Habitat factor, Active/risk behavior"
S0048,2025-05-11 12:37:00,Elephant,Hunting,24.62234,78.36517,33.7,Sunny,Grassland,Morning,ELE_005,24.51066,78.40936,2025-05-07 04:11:00,13.197881781650747,104.43333333333334,0.1263761421798667,0,0,0,0,1,5,6,Low,Normal,"Habitat factor, Active/risk behavior"
S0150,2025-05-15 01:45:00,Elephant,Alert,24.58393,78.39565,33.5,Foggy,Savanna,Morning,ELE_005,24.62234,78.36517,2025-05-11 12:37:00,5.266613116299217,85.13333333333334,0.06186311413037451,0,0,0,8,2,4,14,Low,Normal,"Environmental condition, Habitat factor, Active/risk behavior"
S0349,2025-05-18 19:38:00,Elephant,Grazing,24.69898,78.65991,31.6,Foggy,Desert,Afternoon,ELE_005,24.58393,78.39565,2025-05-15 01:45:00,29.614223346934843,89.88333333333334,0.32947402203153914,0,0,0,8,1,1,10,Low,Normal,"Environmental condition, Habitat factor, Active/risk behavior"
S0342,2025-05-20 12:59:00,Elephant,Socializing,24.67819,78.33225,33.9,Cloudy,Grassland,Afternoon,ELE_005,24.69898,78.65991,2025-05-18 19:38:00,33.184349239213155,41.35,0.8025235608032202,20,0,0,2,1,1,24,Low,Normal,"High movement speed, Environmental condition, Habitat factor, Active/risk behavior"
S0256,2025-05-23 02:48:00,Elephant,Hunting,24.39187,78.42074,30.1,Cloudy,Desert,Evening,ELE_005,24.67819,78.33225,2025-05-20 12:59:00,33.07172919347871,61.81666666666667,0.5349969672711573,0,0,0,2,1,5,8,Low,Normal,"Environmental condition, Habitat factor, Active/risk behavior"
S0968,2025-05-26 07:18:00,Elephant,Hunting,24.30665,78.49227,29.1,Cloudy,Forest,Evening,ELE_005,24.39187,78.42074,2025-05-23 02:48:00,11.929111704425774,76.5,0.15593610071144803,0,0,0,2,3,5,10,Low,Normal,"Environmental condition, Habitat factor, Active/risk behavior"
S0065,2025-05-03 00:37:00,Elephant,Socializing,24.35564,78.42689,20.0,Cloudy,Grassland,Evening,ELE_006,,,,0.0,,0.0,0,0,0,2,1,1,4,Low,Normal,"Environmental condition, Habitat factor, Active/risk behavior"
S0410,2025-05-07 16:23:00,Elephant,Running,24.61821,78.30696,27.3,Foggy,Wetland,Morning,ELE_006,24.35564,78.42689,2025-05-03 00:37:00,31.618324840006274,111.76666666666667,0.28289583811517693,0,0,0,8,5,5,18,Low,Normal,"Environmental condition, Habitat factor, Active/risk behavior"
S0354,2025-05-11 13:19:00,Elephant,Hunting,24.31183,78.50181,30.0,Foggy,Desert,Afternoon,ELE_006,24.61821,78.30696,2025-05-07 16:23:00,39.36417613969853,92.93333333333334,0.4235743487055078,0,0,0,8,1,5,14,Low,Normal,"Environmental condition, Habitat factor, Active/risk behavior"
S0979,2025-05-15 03:21:00,Elephant,Resting,24.66803,78.46638,25.0,Cloudy,Grassland,Night,ELE_006,24.31183,78.50181,2025-05-11 13:19:00,39.769563719839915,86.03333333333333,0.4622576178206887,0,20,0,2,1,0,23,Low,Normal,"Large movement distance, Environmental condition, Habitat factor"
S0818,2025-05-19 00:04:00,Elephant,Hunting,24.45368,78.58938,30.4,Sunny,Wetland,Night,ELE_006,24.66803,78.46638,2025-05-15 03:21:00,26.885502584382113,92.71666666666667,0.28997486159678715,0,0,0,0,5,5,10,Low,Normal,"Habitat factor, Active/risk behavior"
S0673,2025-05-20 16:14:00,Elephant,Playing,24.62705,78.49297,33.0,Sunny,Savanna,Evening,ELE_006,24.45368,78.58938,2025-05-19 00:04:00,21.604073618979072,40.166666666666664,0.537860753999479,0,0,0,0,2,2,4,Low,Normal,"Habitat factor, Active/risk behavior"
S0651,2025-05-23 05:34:00,Elephant,Running,24.65597,78.38504,24.2,Windy,Forest,Afternoon,ELE_006,24.62705,78.49297,2025-05-20 16:14:00,11.37248856445929,61.333333333333336,0.1854210092031406,0,0,0,5,3,5,13,Low,Normal,"Environmental condition, Habitat factor, Active/risk behavior"
S0393,2025-05-26 18:31:00,Elephant,Running,24.41798,78.32662,27.6,Rainy,Desert,Evening,ELE_006,24.65597,78.38504,2025-05-23 05:34:00,27.115048560990378,84.95,0.3191883291464435,0,0,0,5,1,5,11,Low,Normal,"Environmental condition, Habitat factor, Active/risk behavior"
S0490,2025-05-03 14:49:00,Elephant,Grazing,24.48092,78.43871,24.7,Foggy,Grassland,Afternoon,ELE_007,,,,0.0,,0.0,0,0,0,8,1,1,10,Low,Normal,"Environmental condition, Habitat factor, Active/risk behavior"
S0215,2025-05-08 04:56:00,Elephant,Hunting,24.54826,78.6659,25.3,Cloudy,Desert,Afternoon,ELE_007,24.48092,78.43871,2025-05-03 14:49:00,24.174023793095554,110.11666666666666,0.21953101673766207,0,0,0,2,1,5,8,Low,Normal,"Environmental condition, Habitat factor, Active/risk behavior"
S0332,2025-05-11 18:51:00,Elephant,Running,24.48889,78.31947,29.7,Cloudy,Forest,Evening,ELE_007,24.54826,78.6659,2025-05-08 04:56:00,35.66399050129068,85.91666666666667,0.415099792449552,0,0,0,2,3,5,10,Low,Normal,"Environmental condition, Habitat factor, Active/risk behavior"
S0383,2025-05-15 16:04:00,Elephant,Hunting,24.58908,78.56143,21.8,Rainy,Wetland,Afternoon,ELE_007,24.48889,78.31947,2025-05-11 18:51:00,26.890927645987354,93.21666666666667,0.28847767902006816,0,0,0,5,5,5,15,Low,Normal,"Environmental condition, Habitat factor, Active/risk behavior"
S0714,2025-05-19 09:34:00,Elephant,Alert,24.647,78.54734,18.9,Cloudy,Wetland,Evening,ELE_007,24.58908,78.56143,2025-05-15 16:04:00,6.596028567551947,89.5,0.07369864321287092,0,0,0,2,5,4,11,Low,Normal,"Environmental condition, Habitat factor, Active/risk behavior"
S0066,2025-05-20 21:10:00,Elephant,Grazing,24.48108,78.64976,32.5,Sunny,Desert,Morning,ELE_007,24.647,78.54734,2025-05-19 09:34:00,21.158173907516197,35.6,0.594330727739219,0,0,0,0,1,1,2,Low,Normal,"Habitat factor, Active/risk behavior"
S0948,2025-05-23 19:12:00,Elephant,Hunting,24.5203,78.54635,26.7,Rainy,Grassland,Night,ELE_007,24.48108,78.64976,2025-05-20 21:10:00,11.335748740240188,70.03333333333333,0.1618621904841531,0,0,0,5,1,5,11,Low,Normal,"Environmental condition, Habitat factor, Active/risk behavior"
S0456,2025-05-26 23:53:00,Elephant,Socializing,24.57442,78.65552,30.7,Foggy,Forest,Evening,ELE_007,24.5203,78.54635,2025-05-23 19:12:00,12.57538512575906,76.68333333333334,0.16399111226810337,0,0,0,8,3,1,12,Low,Normal,"Environmental condition, Habitat factor, Active/risk behavior"
S0644,2025-05-03 16:15:00,Elephant,Playing,24.38437,78.33069,23.5,Foggy,Wetland,Evening,ELE_008,,,,0.0,,0.0,0,0,0,8,5,2,15,Low,Normal,"Environmental condition, Habitat factor, Active/risk behavior"
S0813,2025-05-09 04:13:00,Elephant,Resting,24.53091,78.56063,30.1,Sunny,Forest,Morning,ELE_008,24.38437,78.33069,2025-05-03 16:15:00,28.410970898697226,131.96666666666667,0.2152889939279911,0,0,0,0,3,0,3,Low,Normal,Habitat factor
S0585,2025-05-13 06:24:00,Elephant,Resting,24.41295,78.55222,19.2,Sunny,Forest,Afternoon,ELE_008,24.53091,78.56063,2025-05-09 04:13:00,13.144139952473523,98.18333333333334,0.13387343356788514,0,0,0,0,3,0,3,Low,Normal,Habitat factor
S0198,2025-05-15 19:08:00,Elephant,Grazing,24.45441,78.41586,27.3,Sunny,Desert,Morning,ELE_008,24.41295,78.55222,2025-05-13 06:24:00,14.554043151377785,60.733333333333334,0.23963847120819623,0,0,0,0,1,1,2,Low,Normal,"Habitat factor, Active/risk behavior"
S0868,2025-05-19 10:02:00,Elephant,Running,24.39271,78.43387,19.1,Foggy,Savanna,Afternoon,ELE_008,24.45441,78.41586,2025-05-15 19:08:00,7.098902102358024,86.9,0.08169047298455723,0,0,0,8,2,5,15,Low,Normal,"Environmental condition, Habitat factor, Active/risk behavior"
S0941,2025-05-21 18:23:00,Elephant,Playing,24.42257,78.41816,33.1,Rainy,Forest,Evening,ELE_008,24.39271,78.43387,2025-05-19 10:02:00,3.681678138643661,56.35,0.06533590308152015,0,0,0,5,3,2,10,Low,Normal,"Environmental condition, Habitat factor, Active/risk behavior"
S0340,2025-05-24 09:13:00,Elephant,Grazing,24.42554,78.668,34.5,Sunny,Forest,Afternoon,ELE_008,24.42257,78.41816,2025-05-21 18:23:00,25.2969804290926,62.833333333333336,0.40260446306248165,0,0,0,0,3,1,4,Low,Normal,"Habitat factor, Active/risk behavior"
S0021,2025-05-27 14:26:00,Elephant,Resting,24.59162,78.57892,22.1,Rainy,Desert,Afternoon,ELE_008,24.42554,78.668,2025-05-24 09:13:00,20.54919549467879,77.21666666666667,0.2661238354588231,0,0,0,5,1,0,6,Low,Normal,"Environmental condition, Habitat factor"
S0764,2025-05-03 18:18:00,Elephant,Playing,24.46052,78.36163,28.7,Sunny,Savanna,Morning,ELE_009,,,,0.0,,0.0,0,0,0,0,2,2,4,Low,Normal,"Habitat factor, Active/risk behavior"
S0978,2025-05-09 05:04:00,Elephant,Alert,24.36326,78.37716,27.9,Windy,Desert,Morning,ELE_009,24.46052,78.36163,2025-05-03 18:18:00,10.928539226976772,130.76666666666668,0.08357282100670485,0,0,0,5,1,4,10,Low,Normal,"Environmental condition, Habitat factor, Active/risk behavior"
S0530,2025-05-13 11:33:00,Elephant,Grazing,24.59348,78.41823,29.9,Windy,Grassland,Night,ELE_009,24.36326,78.37716,2025-05-09 05:04:00,25.934509406910088,102.48333333333333,0.2530607520596203,0,0,0,5,1,1,7,Low,Normal,"Environmental condition, Habitat factor, Active/risk behavior"
S0643,2025-05-16 06:22:00,Elephant,Alert,24.67882,78.48565,32.4,Windy,Savanna,Evening,ELE_009,24.59348,78.41823,2025-05-13 11:33:00,11.682622808074276,66.81666666666666,0.1748459387589066,0,0,0,5,2,4,11,Low,Normal,"Environmental condition, Habitat factor, Active/risk behavior"
S0862,2025-05-19 14:49:00,Elephant,Playing,24.56201,78.58366,19.7,Windy,Grassland,Night,ELE_009,24.67882,78.48565,2025-05-16 06:22:00,16.335940950602232,80.45,0.203057065886914,0,0,0,5,1,2,8,Low,Normal,"Environmental condition, Habitat factor, Active/risk behavior"
S0042,2025-05-21 22:03:00,Elephant,Grazing,24.37454,78.60881,26.9,Sunny,Savanna,Afternoon,ELE_009,24.56201,78.58366,2025-05-19 14:49:00,21.000542333336153,55.233333333333334,0.38021500905255556,0,0,0,0,2,1,3,Low,Normal,"Habitat factor, Active/risk behavior"
S0135,2025-05-25 02:43:00,Elephant,Playing,24.44759,78.39947,29.6,Rainy,Forest,Evening,ELE_009,24.37454,78.60881,2025-05-21 22:03:00,22.699699622904838,76.66666666666667,0.2960830385596283,0,0,0,5,3,2,10,Low,Normal,"Environmental condition, Habitat factor, Active/risk behavior"
S0689,2025-05-28 03:43:00,Elephant,Hunting,24.39811,78.69739,30.6,Sunny,Desert,Morning,ELE_009,24.44759,78.39947,2025-05-25 02:43:00,30.660614110381022,73.0,0.4200084124709729,0,0,0,0,1,5,6,Low,Normal,"Habitat factor, Active/risk behavior"
S0466,2025-05-04 09:02:00,Elephant,Playing,24.59672,78.36541,27.7,Cloudy,Savanna,Night,ELE_010,,,,0.0,,0.0,0,0,0,2,2,2,6,Low,Normal,"Environmental condition, Habitat factor, Active/risk behavior"
S0462,2025-05-09 10:25:00,Elephant,Hunting,24.35782,78.53055,21.6,Foggy,Wetland,Night,ELE_010,24.59672,78.36541,2025-05-04 09:02:00,31.384300952860738,121.38333333333334,0.25855527353722974,0,0,0,8,5,5,18,Low,Normal,"Environmental condition, Habitat factor, Active/risk behavior"
S0642,2025-05-13 17:58:00,Elephant,Hunting,24.67925,78.50659,34.6,Foggy,Forest,Night,ELE_010,24.35782,78.53055,2025-05-09 10:25:00,35.82348836520366,103.55,0.3459535332226331,0,0,0,8,3,5,16,Low,Normal,"Environmental condition, Habitat factor, Active/risk behavior"
S0988,2025-05-17 02:50:00,Elephant,Resting,24.46556,78.6293,29.0,Rainy,Grassland,Morning,ELE_010,24.67925,78.50659,2025-05-13 17:58:00,26.806343670772897,80.86666666666666,0.33148817399966485,0,0,0,5,1,0,6,Low,Normal,"Environmental condition, Habitat factor"
S0799,2025-05-19 15:56:00,Elephant,Alert,24.52545,78.48932,29.8,Rainy,Grassland,Evening,ELE_010,24.46556,78.6293,2025-05-17 02:50:00,15.651534281474689,61.1,0.25616259053150064,0,0,0,5,1,4,10,Low,Normal,"Environmental condition, Habitat factor, Active/risk behavior"
S0511,2025-05-21 22:59:00,Elephant,Socializing,24.57522,78.36855,18.4,Foggy,Wetland,Afternoon,ELE_010,24.52545,78.48932,2025-05-19 15:56:00,13.41017679449009,55.05,0.24359994177093716,0,0,0,8,5,1,14,Low,Normal,"Environmental condition, Habitat factor, Active/risk behavior"
S0589,2025-05-25 02:52:00,Elephant,Hunting,24.49505,78.34556,34.2,Cloudy,Forest,Morning,ELE_010,24.57522,78.36855,2025-05-21 22:59:00,9.212840796758394,75.88333333333334,0.12140796130145039,0,0,0,2,3,5,10,Low,Normal,"Environmental condition, Habitat factor, Active/risk behavior"
S0515,2025-05-29 01:08:00,Elephant,Grazing,24.5758,78.36107,33.1,Rainy,Forest,Afternoon,ELE_010,24.49505,78.34556,2025-05-25 02:52:00,9.115028024310142,94.26666666666667,0.0966940738080991,0,0,0,5,3,1,9,Low,Normal,"Environmental condition, Habitat factor, Active/risk behavior"
S0735,2025-05-01 18:29:00,Fox,Running,24.40007,78.42267,32.6,Sunny,Wetland,Evening,FOX_001,,,,0.0,,0.0,0,0,0,0,5,5,10,Low,Normal,"Habitat factor, Active/risk behavior"
S0757,2025-05-03 17:13:00,Fox,Grazing,24.40182,78.51433,35.0,Windy,Wetland,Morning,FOX_001,24.40007,78.42267,2025-05-01 18:29:00,9.283773464340017,46.733333333333334,0.19865421107717582,0,0,0,5,5,1,11,Low,Normal,"Environmental condition, Habitat factor, Active/risk behavior"
S0909,2025-05-04 22:29:00,Fox,Alert,24.46488,78.51356,20.2,Sunny,Desert,Afternoon,FOX_001,24.40182,78.51433,2025-05-03 17:13:00,7.012385360093436,29.266666666666666,0.23960314442232697,0,0,0,0,1,4,5,Low,Normal,"Habitat factor, Active/risk behavior"
S0371,2025-05-07 11:22:00,Fox,Socializing,24.53568,78.6081,28.6,Rainy,Desert,Morning,FOX_001,24.46488,78.51356,2025-05-04 22:29:00,12.388820074647802,60.88333333333333,0.20348458923593432,0,0,0,5,1,1,7,Low,Normal,"Environmental condition, Habitat factor, Active/risk behavior"
S0087,2025-05-09 05:04:00,Fox,Alert,24.34073,78.37732,33.8,Foggy,Grassland,Afternoon,FOX_001,24.53568,78.6081,2025-05-07 11:22:00,31.870315904419076,41.7,0.7642761607774359,0,0,0,8,1,4,13,Low,Normal,"Environmental condition, Habitat factor, Active/risk behavior"
S0772,2025-05-12 12:23:00,Fox,Running,24.51545,78.39365,19.5,Rainy,Wetland,Evening,FOX_001,24.34073,78.37732,2025-05-09 05:04:00,19.49819451799366,79.31666666666666,0.24582720552208862,0,0,0,5,5,5,15,Low,Normal,"Environmental condition, Habitat factor, Active/risk behavior"
S0205,2025-05-15 07:47:00,Fox,Resting,24.55882,78.69855,21.6,Windy,Savanna,Morning,FOX_001,24.51545,78.39365,2025-05-12 12:23:00,31.216352222734276,67.4,0.4631506264500634,0,0,0,5,2,0,7,Low,Normal,"Environmental condition, Habitat factor"
S0956,2025-05-18 11:22:00,Fox,Grazing,24.47177,78.53914,26.8,Cloudy,Desert,Evening,FOX_001,24.55882,78.69855,2025-05-15 07:47:00,18.8093982245352,75.58333333333333,0.24885642634445693,0,0,0,2,1,1,4,Low,Normal,"Environmental condition, Habitat factor, Active/risk behavior"
S0352,2025-05-23 11:29:00,Fox,Resting,24.47055,78.62328,23.7,Foggy,Savanna,Evening,FOX_001,24.47177,78.53914,2025-05-18 11:22:00,8.516576293950008,120.11666666666666,0.07090253609504656,0,0,0,8,2,0,10,Low,Normal,"Environmental condition, Habitat factor"
S0963,2025-05-26 14:02:00,Fox,Socializing,24.36389,78.38798,30.4,Windy,Wetland,Night,FOX_001,24.47055,78.62328,2025-05-23 11:29:00,26.612868514381102,74.55,0.35698012762415965,0,0,0,5,5,1,11,Low,Normal,"Environmental condition, Habitat factor, Active/risk behavior"
S0641,2025-05-30 21:39:00,Fox,Socializing,24.55717,78.40433,32.4,Windy,Forest,Evening,FOX_001,24.36389,78.38798,2025-05-26 14:02:00,21.555373252722497,103.61666666666666,0.20802998152860702,0,0,0,5,3,1,9,Low,Normal,"Environmental condition, Habitat factor, Active/risk behavior"
S0046,2025-05-01 18:51:00,Fox,Resting,24.63645,78.54978,19.9,Cloudy,Wetland,Afternoon,FOX_002,,,,0.0,,0.0,0,0,0,2,5,0,7,Low,Normal,"Environmental condition, Habitat factor"
S0341,2025-05-03 20:41:00,Fox,Playing,24.59851,78.48051,23.0,Foggy,Desert,Morning,FOX_002,24.63645,78.54978,2025-05-01 18:51:00,8.17503260779725,49.833333333333336,0.16404747707954348,0,0,0,8,1,2,11,Low,Normal,"Environmental condition, Habitat factor, Active/risk behavior"
S0024,2025-05-05 06:58:00,Fox,Socializing,24.53222,78.56565,30.1,Cloudy,Desert,Evening,FOX_002,24.59851,78.48051,2025-05-03 20:41:00,11.334440910706386,34.28333333333333,0.33061081898025435,0,0,0,2,1,1,4,Low,Normal,"Environmental condition, Habitat factor, Active/risk behavior"
S0634,2025-05-07 23:58:00,Fox,Grazing,24.43901,78.43797,24.5,Windy,Forest,Morning,FOX_002,24.53222,78.56565,2025-05-05 06:58:00,16.563892313815554,65.0,0.2548291125202393,0,0,0,5,3,1,9,Low,Normal,"Environmental condition, Habitat factor, Active/risk behavior"
S0391,2025-05-09 10:12:00,Fox,Hunting,24.65453,78.52321,32.2,Sunny,Savanna,Evening,FOX_002,24.43901,78.43797,2025-05-07 23:58:00,25.46842637558899,34.233333333333334,0.7439657169110707,0,0,0,0,2,5,7,Low,Normal,"Habitat factor, Active/risk behavior"
S0949,2025-05-12 15:14:00,Fox,Grazing,24.65555,78.58418,34.6,Windy,Grassland,Night,FOX_002,24.65453,78.52321,2025-05-09 10:12:00,6.162545734420791,77.03333333333333,0.07999843013094925,0,0,0,5,1,1,7,Low,Normal,"Environmental condition, Habitat factor, Active/risk behavior"
S0444,2025-05-15 11:44:00,Fox,Hunting,24.52584,78.49458,32.3,Rainy,Forest,Evening,FOX_002,24.65555,78.58418,2025-05-12 15:14:00,17.032300322650674,68.5,0.24864672003869595,0,0,0,5,3,5,13,Low,Normal,"Environmental condition, Habitat factor, Active/risk behavior"
S0387,2025-05-18 12:10:00,Fox,Playing,24.51648,78.50184,18.3,Cloudy,Grassland,Morning,FOX_002,24.52584,78.49458,2025-05-15 11:44:00,1.2738413958118575,72.43333333333334,0.017586397549174286,0,0,0,2,1,2,5,Low,Normal,"Environmental condition, Habitat factor, Active/risk behavior"
S0379,2025-05-23 15:33:00,Fox,Resting,24.34378,78.46855,34.1,Sunny,Wetland,Morning,FOX_002,24.51648,78.50184,2025-05-18 12:10:00,19.496865926487516,123.38333333333334,0.15801863509242886,0,0,0,0,5,0,5,Low,Normal,Habitat factor
S0145,2025-05-26 21:52:00,Fox,Resting,24.6273,78.39695,23.6,Foggy,Savanna,Night,FOX_002,24.34378,78.46855,2025-05-23 15:33:00,32.34788187916055,78.31666666666666,0.4130395643221182,0,0,0,8,2,0,10,Low,Normal,"Environmental condition, Habitat factor"
S0919,2025-05-31 01:48:00,Fox,Running,24.65058,78.60842,23.3,Sunny,Forest,Evening,FOX_002,24.6273,78.39695,2025-05-26 21:52:00,21.529661302807966,99.93333333333334,0.2154402398546494,0,0,0,0,3,5,8,Low,Normal,"Habitat factor, Active/risk behavior"
S0143,2025-05-02 00:10:00,Fox,Resting,24.38084,78.59947,28.3,Windy,Grassland,Evening,FOX_003,,,,0.0,,0.0,0,0,0,5,1,0,6,Low,Normal,"Environmental condition, Habitat factor"
S0831,2025-05-03 21:07:00,Fox,Running,24.45009,78.30395,26.2,Cloudy,Desert,Evening,FOX_003,24.38084,78.59947,2025-05-02 00:10:00,30.896620968211145,44.95,0.6873553051882345,0,0,0,2,1,5,8,Low,Normal,"Environmental condition, Habitat factor, Active/risk behavior"
S0318,2025-05-05 09:13:00,Fox,Grazing,24.4911,78.307,24.3,Cloudy,Desert,Morning,FOX_003,24.45009,78.30395,2025-05-03 21:07:00,4.570539532413509,36.1,0.1266077432801526,0,0,0,2,1,1,4,Low,Normal,"Environmental condition, Habitat factor, Active/risk behavior"
S0026,2025-05-08 00:50:00,Fox,Playing,24.36179,78.55946,20.4,Foggy,Forest,Evening,FOX_003,24.4911,78.307,2025-05-05 09:13:00,29.32639247417204,63.61666666666667,0.4609859964501761,0,0,0,8,3,2,13,Low,Normal,"Environmental condition, Habitat factor, Active/risk behavior"
S0186,2025-05-09 12:01:00,Fox,Grazing,24.69008,78.41892,18.2,Foggy,Desert,Night,FOX_003,24.36179,78.55946,2025-05-08 00:50:00,39.175081728801956,35.18333333333333,1.1134556625902974,20,0,0,8,1,1,30,Moderate,Monitor,"High movement speed, Environmental condition, Habitat factor, Active/risk behavior"
S0646,2025-05-13 09:17:00,Fox,Alert,24.54977,78.52292,27.3,Foggy,Forest,Evening,FOX_003,24.69008,78.41892,2025-05-09 12:01:00,18.813228274665097,93.26666666666667,0.201714384646159,0,0,0,8,3,4,15,Low,Normal,"Environmental condition, Habitat factor, Active/risk behavior"
S0311,2025-05-15 11:56:00,Fox,Socializing,24.37605,78.32682,29.2,Foggy,Savanna,Morning,FOX_003,24.54977,78.52292,2025-05-13 09:17:00,27.696113782663637,50.65,0.546813697584672,0,0,0,8,2,1,11,Low,Normal,"Environmental condition, Habitat factor, Active/risk behavior"
S0423,2025-05-18 15:24:00,Fox,Playing,24.36419,78.30849,33.0,Sunny,Wetland,Evening,FOX_003,24.37605,78.32682,2025-05-15 11:56:00,2.2773035861734185,75.46666666666667,0.0301762842690824,0,0,0,0,5,2,7,Low,Normal,"Habitat factor, Active/risk behavior"
S0870,2025-05-24 04:24:00,Fox,Alert,24.55356,78.55732,29.7,Windy,Desert,Morning,FOX_003,24.36419,78.30849,2025-05-18 15:24:00,32.82850282356809,133.0,0.2468308482975044,0,0,0,5,1,4,10,Low,Normal,"Environmental condition, Habitat factor, Active/risk behavior"
S0838,2025-05-27 07:32:00,Fox,Grazing,24.4656,78.38931,29.7,Windy,Desert,Morning,FOX_003,24.55356,78.55732,2025-05-24 04:24:00,19.611480462809432,75.13333333333334,0.2610223664082888,0,0,0,5,1,1,7,Low,Normal,"Environmental condition, Habitat factor, Active/risk behavior"
S0139,2025-05-02 08:16:00,Fox,Running,24.51274,78.6431,20.8,Rainy,Desert,Afternoon,FOX_004,,,,0.0,,0.0,0,0,0,5,1,5,11,Low,Normal,"Environmental condition, Habitat factor, Active/risk behavior"
S0433,2025-05-03 23:57:00,Fox,Alert,24.69867,78.65123,18.6,Windy,Desert,Night,FOX_004,24.51274,78.6431,2025-05-02 08:16:00,20.690804291918543,39.68333333333333,0.5213978401995433,0,0,0,5,1,4,10,Low,Normal,"Environmental condition, Habitat factor, Active/risk behavior"
S0499,2025-05-05 12:38:00,Fox,Hunting,24.33379,78.57478,19.6,Windy,Wetland,Morning,FOX_004,24.69867,78.65123,2025-05-03 23:57:00,41.303436147942776,36.68333333333333,1.1259455560547782,20,20,0,5,5,5,55,High,High Priority,"High movement speed, Large movement distance, Environmental condition, Habitat factor, Active/risk behavior"
S0959,2025-05-08 03:14:00,Fox,Hunting,24.67822,78.42814,31.3,Rainy,Forest,Evening,FOX_004,24.33379,78.57478,2025-05-05 12:38:00,41.07228028444878,62.6,0.6561067138090859,0,20,0,5,3,5,33,Moderate,Monitor,"Large movement distance, Environmental condition, Habitat factor, Active/risk behavior"
S0247,2025-05-09 15:17:00,Fox,Resting,24.51856,78.50196,19.9,Rainy,Forest,Night,FOX_004,24.67822,78.42814,2025-05-08 03:14:00,19.25840129759406,36.05,0.5342136282272971,0,0,0,5,3,0,8,Low,Normal,"Environmental condition, Habitat factor"
S0319,2025-05-13 11:55:00,Fox,Hunting,24.37853,78.61973,25.8,Sunny,Forest,Afternoon,FOX_004,24.51856,78.50196,2025-05-09 15:17:00,19.61018464498807,92.63333333333334,0.21169684755294785,0,0,0,0,3,5,8,Low,Normal,"Habitat factor, Active/risk behavior"
S0253,2025-05-15 16:12:00,Fox,Alert,24.54905,78.30006,26.6,Sunny,Desert,Evening,FOX_004,24.37853,78.61973,2025-05-13 11:55:00,37.50106850914318,52.28333333333333,0.7172662131171791,0,0,0,0,1,4,5,Low,Normal,"Habitat factor, Active/risk behavior"
S0711,2025-05-20 19:54:00,Fox,Hunting,24.30564,78.45679,18.8,Sunny,Grassland,Morning,FOX_004,24.54905,78.30006,2025-05-15 16:12:00,31.374278324911764,123.7,0.2536319993929811,0,0,0,0,1,5,6,Low,Normal,"Habitat factor, Active/risk behavior"
S0209,2025-05-24 07:20:00,Fox,Grazing,24.57938,78.49642,28.3,Rainy,Grassland,Morning,FOX_004,24.30564,78.45679,2025-05-20 19:54:00,30.701727275184098,83.43333333333334,0.36797915231942585,0,0,0,5,1,1,7,Low,Normal,"Environmental condition, Habitat factor, Active/risk behavior"
S0676,2025-05-27 09:29:00,Fox,Resting,24.41977,78.37191,30.0,Rainy,Forest,Evening,FOX_004,24.57938,78.49642,2025-05-24 07:20:00,21.764727797458097,74.15,0.29352296422735125,0,0,0,5,3,0,8,Low,Normal,"Environmental condition, Habitat factor"
S0480,2025-05-02 12:40:00,Fox,Alert,24.43919,78.49229,34.7,Cloudy,Desert,Morning,FOX_005,,,,0.0,,0.0,0,0,0,2,1,4,7,Low,Normal,"Environmental condition, Habitat factor, Active/risk behavior"
S0346,2025-05-04 05:35:00,Fox,Socializing,24.48967,78.36779,19.3,Cloudy,Grassland,Morning,FOX_005,24.43919,78.49229,2025-05-02 12:40:00,13.794514344555779,40.916666666666664,0.3371368067915873,0,0,0,2,1,1,4,Low,Normal,"Environmental condition, Habitat factor, Active/risk behavior"
S0569,2025-05-05 13:31:00,Fox,Hunting,24.46823,78.56672,18.4,Rainy,Forest,Evening,FOX_005,24.48967,78.36779,2025-05-04 05:35:00,20.272383864103215,31.933333333333334,0.6348345677694117,0,0,0,5,3,5,13,Low,Normal,"Environmental condition, Habitat factor, Active/risk behavior"
S0039,2025-05-08 06:03:00,Fox,Socializing,24.41197,78.64893,25.0,Cloudy,Wetland,Afternoon,FOX_005,24.46823,78.56672,2025-05-05 13:31:00,10.411277055124772,64.53333333333333,0.16133177254842107,0,0,0,2,5,1,8,Low,Normal,"Environmental condition, Habitat factor, Active/risk behavior"
S0041,2025-05-09 19:22:00,Fox,Playing,24.39407,78.34677,30.8,Foggy,Wetland,Morning,FOX_005,24.41197,78.64893,2025-05-08 06:03:00,30.66168273015464,37.31666666666667,0.8216618864713168,20,0,0,8,5,2,35,Moderate,Monitor,"High movement speed, Environmental condition, Habitat factor, Active/risk behavior"
S0873,2025-05-13 17:34:00,Fox,Playing,24.43938,78.67249,23.5,Foggy,Savanna,Afternoon,FOX_005,24.39407,78.34677,2025-05-09 19:22:00,33.36176564502719,94.2,0.3541588709663184,0,0,0,8,2,2,12,Low,Normal,"Environmental condition, Habitat factor, Active/risk behavior"
S0718,2025-05-15 22:33:00,Fox,Hunting,24.61991,78.56891,30.0,Foggy,Desert,Afternoon,FOX_005,24.43938,78.67249,2025-05-13 17:34:00,22.644118235112092,52.983333333333334,0.42738191069730275,0,0,0,8,1,5,14,Low,Normal,"Environmental condition, Habitat factor, Active/risk behavior"
S0227,2025-05-21 05:06:00,Fox,Alert,24.33348,78.39669,18.2,Cloudy,Desert,Afternoon,FOX_005,24.61991,78.56891,2025-05-15 22:33:00,36.30651275359367,126.55,0.2868946088786541,0,0,0,2,1,4,7,Low,Normal,"Environmental condition, Habitat factor, Active/risk behavior"
S0999,2025-05-24 20:54:00,Fox,Playing,24.58777,78.33732,27.9,Sunny,Wetland,Night,FOX_005,24.33348,78.39669,2025-05-21 05:06:00,28.9072292328821,87.8,0.3292395129029852,0,0,0,0,5,2,7,Low,Normal,"Habitat factor, Active/risk behavior"
S0092,2025-05-27 12:04:00,Fox,Running,24.51701,78.33761,31.5,Rainy,Desert,Night,FOX_005,24.58777,78.33732,2025-05-24 20:54:00,7.868207678854072,63.166666666666664,0.12456265454650246,0,0,0,5,1,5,11,Low,Normal,"Environmental condition, Habitat factor, Active/risk behavior"
S0223,2025-05-02 22:29:00,Fox,Resting,24.50251,78.38751,26.6,Windy,Savanna,Night,FOX_006,,,,0.0,,0.0,0,0,0,5,2,0,7,Low,Normal,"Environmental condition, Habitat factor"
S0129,2025-05-04 12:40:00,Fox,Alert,24.66066,78.5449,33.0,Foggy,Savanna,Evening,FOX_006,24.50251,78.38751,2025-05-02 22:29:00,23.717742646834704,38.18333333333333,0.6211543251026113,0,0,0,8,2,4,14,Low,Normal,"Environmental condition, Habitat factor, Active/risk behavior"
S0771,2025-05-05 14:43:00,Fox,Playing,24.53065,78.32335,20.8,Windy,Forest,Evening,FOX_006,24.66066,78.5449,2025-05-04 12:40:00,26.659887879481502,26.05,1.023412202667236,20,0,0,5,3,2,30,Moderate,Monitor,"High movement speed, Environmental condition, Habitat factor, Active/risk behavior"
S0987,2025-05-08 17:59:00,Fox,Socializing,24.65169,78.39734,23.0,Rainy,Grassland,Morning,FOX_006,24.53065,78.32335,2025-05-05 14:43:00,15.398453747433694,75.26666666666667,0.20458530222453977,0,0,0,5,1,1,7,Low,Normal,"Environmental condition, Habitat factor, Active/risk behavior"
S0334,2025-05-09 20:46:00,Fox,Resting,24.31544,78.37762,32.3,Foggy,Desert,Morning,FOX_006,24.65169,78.39734,2025-05-08 17:59:00,37.44251162937583,26.783333333333335,1.3979780322106719,20,0,0,8,1,0,29,Moderate,Monitor,"High movement speed, Environmental condition, Habitat factor"
S0613,2025-05-13 22:00:00,Fox,Resting,24.53567,78.59991,34.7,Windy,Forest,Evening,FOX_006,24.31544,78.37762,2025-05-09 20:46:00,33.259154507483565,97.23333333333333,0.34205506864055774,0,0,0,5,3,0,8,Low,Normal,"Environmental condition, Habitat factor"
S0246,2025-05-16 01:09:00,Fox,Grazing,24.54043,78.69884,28.1,Foggy,Savanna,Night,FOX_006,24.53567,78.59991,2025-05-13 22:00:00,10.020997544563695,51.15,0.19591393049000383,0,0,0,8,2,1,11,Low,Normal,"Environmental condition, Habitat factor, Active/risk behavior"
S0330,2025-05-21 19:29:00,Fox,Running,24.63977,78.68709,22.9,Cloudy,Desert,Afternoon,FOX_006,24.54043,78.69884,2025-05-16 01:09:00,11.109809652933896,138.33333333333334,0.08031187700916069,0,0,0,2,1,5,8,Low,Normal,"Environmental condition, Habitat factor, Active/risk behavior"
S0967,2025-05-25 11:31:00,Fox,Socializing,24.36359,78.47904,26.7,Cloudy,Savanna,Evening,FOX_006,24.63977,78.68709,2025-05-21 19:29:00,37.23210799577003,88.03333333333333,0.4229319348251045,0,0,0,2,2,1,5,Low,Normal,"Environmental condition, Habitat factor, Active/risk behavior"
S0097,2025-05-28 14:42:00,Fox,Grazing,24.52016,78.4731,26.1,Foggy,Grassland,Evening,FOX_006,24.36359,78.47904,2025-05-25 11:31:00,17.420170594767338,75.18333333333334,0.2317025572347684,0,0,0,8,1,1,10,Low,Normal,"Environmental condition, Habitat factor, Active/risk behavior"
S0596,2025-05-02 23:54:00,Fox,Alert,24.3368,78.51716,26.3,Windy,Forest,Morning,FOX_007,,,,0.0,,0.0,0,0,0,5,3,4,12,Low,Normal,"Environmental condition, Habitat factor, Active/risk behavior"
S0003,2025-05-04 13:01:00,Fox,Running,24.37788,78.68094,32.3,Rainy,Savanna,Night,FOX_007,24.3368,78.51716,2025-05-02 23:54:00,17.20787032095046,37.11666666666667,0.46361572485721936,0,0,0,5,2,5,12,Low,Normal,"Environmental condition, Habitat factor, Active/risk behavior"
S0663,2025-05-06 17:53:00,Fox,Grazing,24.60327,78.41362,30.7,Foggy,Desert,Afternoon,FOX_007,24.37788,78.68094,2025-05-04 13:01:00,36.87589168315472,52.86666666666667,0.6975263243976303,0,0,0,8,1,1,10,Low,Normal,"Environmental condition, Habitat factor, Active/risk behavior"
S0666,2025-05-09 01:26:00,Fox,Socializing,24.66458,78.45341,33.4,Cloudy,Grassland,Night,FOX_007,24.60327,78.41362,2025-05-06 17:53:00,7.915243608168269,55.55,0.14248863381040988,0,0,0,2,1,1,4,Low,Normal,"Environmental condition, Habitat factor, Active/risk behavior"
S0557,2025-05-10 21:39:00,Fox,Playing,24.68149,78.69436,22.5,Cloudy,Wetland,Evening,FOX_007,24.66458,78.45341,2025-05-09 01:26:00,24.418894887094,44.21666666666667,0.5522554441106823,0,0,0,2,5,2,9,Low,Normal,"Environmental condition, Habitat factor, Active/risk behavior"
S0409,2025-05-14 12:04:00,Fox,Socializing,24.34483,78.60095,23.2,Cloudy,Savanna,Morning,FOX_007,24.68149,78.69436,2025-05-10 21:39:00,38.60935739904051,86.41666666666667,0.44678137780953336,0,0,0,2,2,1,5,Low,Normal,"Environmental condition, Habitat factor, Active/risk behavior"
S0528,2025-05-17 02:36:00,Fox,Running,24.63885,78.36729,21.8,Foggy,Wetland,Night,FOX_007,24.34483,78.60095,2025-05-14 12:04:00,40.34727181554055,62.53333333333333,0.6452122358561923,0,20,0,8,5,5,38,Moderate,Monitor,"Large movement distance, Environmental condition, Habitat factor, Active/risk behavior"
S0484,2025-05-22 05:58:00,Fox,Hunting,24.65356,78.30459,28.3,Foggy,Forest,Evening,FOX_007,24.63885,78.36729,2025-05-17 02:36:00,6.544480710017346,123.36666666666666,0.05304901953540135,0,0,0,8,3,5,16,Low,Normal,"Environmental condition, Habitat factor, Active/risk behavior"
S0073,2025-05-25 18:55:00,Fox,Resting,24.34125,78.63397,25.0,Rainy,Desert,Evening,FOX_007,24.65356,78.30459,2025-05-22 05:58:00,48.132730408576215,84.95,0.5666007111074304,0,20,0,5,1,0,26,Moderate,Monitor,"Large movement distance, Environmental condition, Habitat factor"
S0861,2025-05-29 00:58:00,Fox,Grazing,24.56031,78.41489,18.9,Cloudy,Wetland,Evening,FOX_007,24.34125,78.63397,2025-05-25 18:55:00,32.94081605103474,78.05,0.4220476111599582,0,0,0,2,5,1,8,Low,Normal,"Environmental condition, Habitat factor, Active/risk behavior"
S0030,2025-05-03 04:05:00,Fox,Running,24.38252,78.38966,22.7,Windy,Wetland,Night,FOX_008,,,,0.0,,0.0,0,0,0,5,5,5,15,Low,Normal,"Environmental condition, Habitat factor, Active/risk behavior"
S0337,2025-05-04 13:57:00,Fox,Grazing,24.53998,78.58961,33.0,Rainy,Grassland,Morning,FOX_008,24.38252,78.38966,2025-05-03 04:05:00,26.760492891466473,33.86666666666667,0.7901720341968447,20,0,0,5,1,1,27,Moderate,Monitor,"High movement speed, Environmental condition, Habitat factor, Active/risk behavior"
S0789,2025-05-06 19:40:00,Fox,Playing,24.48593,78.43109,25.8,Rainy,Forest,Evening,FOX_008,24.53998,78.58961,2025-05-04 13:57:00,17.12702333735804,53.71666666666667,0.3188400248965195,0,0,0,5,3,2,10,Low,Normal,"Environmental condition, Habitat factor, Active/risk behavior"
S0235,2025-05-09 03:31:00,Fox,Grazing,24.40833,78.48019,25.4,Windy,Savanna,Afternoon,FOX_008,24.48593,78.43109,2025-05-06 19:40:00,9.95778902762576,55.85,0.1782952377372562,0,0,0,5,2,1,8,Low,Normal,"Environmental condition, Habitat factor, Active/risk behavior"
S0703,2025-05-11 10:52:00,Fox,Resting,24.54563,78.59075,32.4,Windy,Wetland,Evening,FOX_008,24.40833,78.48019,2025-05-09 03:31:00,18.928112677149723,55.35,0.3419713220803925,0,0,0,5,5,0,10,Low,Normal,"Environmental condition, Habitat factor"
S0503,2025-05-14 17:40:00,Fox,Running,24.5845,78.42177,31.7,Cloudy,Wetland,Afternoon,FOX_008,24.54563,78.59075,2025-05-11 10:52:00,17.627159681029372,78.8,0.22369491981001743,0,0,0,2,5,5,12,Low,Normal,"Environmental condition, Habitat factor, Active/risk behavior"
S0558,2025-05-17 08:14:00,Fox,Playing,24.45769,78.50521,34.1,Rainy,Wetland,Night,FOX_008,24.5845,78.42177,2025-05-14 17:40:00,16.434208338496948,62.56666666666667,0.2626671551171595,0,0,0,5,5,2,12,Low,Normal,"Environmental condition, Habitat factor, Active/risk behavior"
S0225,2025-05-22 15:34:00,Fox,Grazing,24.67925,78.39604,21.9,Foggy,Savanna,Night,FOX_008,24.45769,78.50521,2025-05-17 08:14:00,26.99692425392275,127.33333333333333,0.21201772974284883,0,0,0,8,2,1,11,Low,Normal,"Environmental condition, Habitat factor, Active/risk behavior"
S0504,2025-05-26 02:48:00,Fox,Alert,24.35168,78.32538,19.0,Foggy,Savanna,Evening,FOX_008,24.67925,78.39604,2025-05-22 15:34:00,37.119005813362214,83.23333333333333,0.4459632256311039,0,0,0,8,2,4,14,Low,Normal,"Environmental condition, Habitat factor, Active/risk behavior"
S0298,2025-05-29 13:31:00,Fox,Running,24.49563,78.61902,25.1,Rainy,Forest,Morning,FOX_008,24.35168,78.32538,2025-05-26 02:48:00,33.76455750766332,82.71666666666667,0.4081953355752164,0,0,0,5,3,5,13,Low,Normal,"Environmental condition, Habitat factor, Active/risk behavior"
S0430,2025-05-03 13:45:00,Fox,Alert,24.46555,78.64036,25.7,Windy,Savanna,Night,FOX_009,,,,0.0,,0.0,0,0,0,5,2,4,11,Low,Normal,"Environmental condition, Habitat factor, Active/risk behavior"
S0262,2025-05-04 15:43:00,Fox,Alert,24.35841,78.56516,26.1,Foggy,Desert,Night,FOX_009,24.46555,78.64036,2025-05-03 13:45:00,14.1388470626841,25.966666666666665,0.5444998868812876,0,0,0,8,1,4,13,Low,Normal,"Environmental condition, Habitat factor, Active/risk behavior"
S0279,2025-05-07 07:36:00,Fox,Socializing,24.43503,78.36454,26.2,Windy,Desert,Afternoon,FOX_009,24.35841,78.56516,2025-05-04 15:43:00,22.03010588804105,63.88333333333333,0.3448490355550386,0,0,0,5,1,1,7,Low,Normal,"Environmental condition, Habitat factor, Active/risk behavior"
S0481,2025-05-09 03:43:00,Fox,Grazing,24.61662,78.5373,33.3,Foggy,Wetland,Afternoon,FOX_009,24.43503,78.36454,2025-05-07 07:36:00,26.70487277708797,44.11666666666667,0.6053239012562441,0,0,0,8,5,1,14,Low,Normal,"Environmental condition, Habitat factor, Active/risk behavior"
S0325,2025-05-11 23:39:00,Fox,Running,24.57554,78.36786,25.8,Foggy,Forest,Evening,FOX_009,24.61662,78.5373,2025-05-09 03:43:00,17.729866273772505,67.93333333333334,0.26098919931951675,0,0,0,8,3,5,16,Low,Normal,"Environmental condition, Habitat factor, Active/risk behavior"
S0302,2025-05-15 00:14:00,Fox,Hunting,24.35668,78.3328,30.9,Windy,Savanna,Night,FOX_009,24.57554,78.36786,2025-05-11 23:39:00,24.593458029762942,72.58333333333333,0.3388306502378362,0,0,0,5,2,5,12,Low,Normal,"Environmental condition, Habitat factor, Active/risk behavior"
S0508,2025-05-18 05:46:00,Fox,Hunting,24.45121,78.68408,18.3,Rainy,Savanna,Afternoon,FOX_009,24.35668,78.3328,2025-05-15 00:14:00,37.09123696043057,77.53333333333333,0.4783908464371957,0,0,0,5,2,5,12,Low,Normal,"Environmental condition, Habitat factor, Active/risk behavior"
S0351,2025-05-23 06:27:00,Fox,Resting,24.6779,78.54721,30.5,Windy,Wetland,Morning,FOX_009,24.45121,78.68408,2025-05-18 05:46:00,28.757205688416416,120.68333333333334,0.23828647166206116,0,0,0,5,5,0,10,Low,Normal,"Environmental condition, Habitat factor"
S0730,2025-05-26 08:00:00,Fox,Socializing,24.30368,78.61296,20.0,Cloudy,Grassland,Morning,FOX_009,24.6779,78.54721,2025-05-23 06:27:00,42.139904375889806,73.55,0.5729422756749124,0,20,0,2,1,1,24,Low,Normal,"Large movement distance, Environmental condition, Habitat factor, Active/risk behavior"
S0807,2025-05-30 14:42:00,Fox,Hunting,24.30538,78.68172,24.6,Windy,Savanna,Night,FOX_009,24.30368,78.61296,2025-05-26 08:00:00,6.970688290510534,102.7,0.06787427741490296,0,0,0,5,2,5,12,Low,Normal,"Environmental condition, Habitat factor, Active/risk behavior"
S0650,2025-05-03 16:14:00,Fox,Running,24.56999,78.66609,33.4,Rainy,Grassland,Evening,FOX_010,,,,0.0,,0.0,0,0,0,5,1,5,11,Low,Normal,"Environmental condition, Habitat factor, Active/risk behavior"
S0801,2025-05-04 19:38:00,Fox,Grazing,24.64775,78.402,28.5,Rainy,Forest,Evening,FOX_010,24.56999,78.66609,2025-05-03 16:14:00,28.063472484275845,27.4,1.0242143242436441,20,0,0,5,3,1,29,Moderate,Monitor,"High movement speed, Environmental condition, Habitat factor, Active/risk behavior"
S0591,2025-05-07 10:32:00,Fox,Socializing,24.45178,78.32526,25.0,Cloudy,Wetland,Afternoon,FOX_010,24.64775,78.402,2025-05-04 19:38:00,23.13192804642926,62.9,0.36775720264593414,0,0,0,2,5,1,8,Low,Normal,"Environmental condition, Habitat factor, Active/risk behavior"
S0920,2025-05-09 04:17:00,Fox,Resting,24.5634,78.60129,28.6,Sunny,Forest,Evening,FOX_010,24.45178,78.32526,2025-05-07 10:32:00,30.56162607942254,41.75,0.7320149959143123,0,0,0,0,3,0,3,Low,Normal,Habitat factor
S0803,2025-05-12 04:54:00,Fox,Grazing,24.64766,78.42283,26.7,Cloudy,Forest,Night,FOX_010,24.5634,78.60129,2025-05-09 04:17:00,20.329660912975317,72.61666666666666,0.2799586079363138,0,0,0,2,3,1,6,Low,Normal,"Environmental condition, Habitat factor, Active/risk behavior"
S0520,2025-05-15 01:13:00,Fox,Running,24.34264,78.42452,31.2,Windy,Desert,Night,FOX_010,24.64766,78.42283,2025-05-12 04:54:00,33.91710762208846,68.31666666666666,0.4964690064223732,0,0,0,5,1,5,11,Low,Normal,"Environmental condition, Habitat factor, Active/risk behavior"
S0561,2025-05-18 07:19:00,Fox,Running,24.37089,78.32433,26.8,Sunny,Forest,Afternoon,FOX_010,24.34264,78.42452,2025-05-15 01:13:00,10.624062636154123,78.1,0.13603153183295935,0,0,0,0,3,5,8,Low,Normal,"Habitat factor, Active/risk behavior"
S0759,2025-05-23 09:35:00,Fox,Hunting,24.36042,78.64102,24.2,Sunny,Savanna,Night,FOX_010,24.37089,78.32433,2025-05-18 07:19:00,32.098933934979605,122.26666666666667,0.2625321750407274,0,0,0,0,2,5,7,Low,Normal,"Habitat factor, Active/risk behavior"
S0364,2025-05-26 10:55:00,Fox,Grazing,24.65843,78.43325,30.7,Rainy,Wetland,Afternoon,FOX_010,24.36042,78.64102,2025-05-23 09:35:00,39.24238150666751,73.33333333333333,0.5351233841818298,0,0,0,5,5,1,11,Low,Normal,"Environmental condition, Habitat factor, Active/risk behavior"
S0531,2025-05-30 16:33:00,Fox,Socializing,24.67117,78.398,21.6,Sunny,Forest,Morning,FOX_010,24.65843,78.43325,2025-05-26 10:55:00,3.8333746781074844,101.63333333333334,0.03771769115881421,0,0,0,0,3,1,4,Low,Normal,"Habitat factor, Active/risk behavior"
S0078,2025-05-01 12:29:00,Leopard,Resting,24.49444,78.57188,27.9,Foggy,Savanna,Afternoon,LEO_001,,,,0.0,,0.0,0,0,0,8,2,0,10,Low,Normal,"Environmental condition, Habitat factor"
S0276,2025-05-04 00:01:00,Leopard,Hunting,24.59601,78.3294,31.2,Windy,Savanna,Night,LEO_001,24.49444,78.57188,2025-05-01 12:29:00,27.001521746390754,59.53333333333333,0.4535529968598671,0,0,0,5,2,5,12,Low,Normal,"Environmental condition, Habitat factor, Active/risk behavior"
S0986,2025-05-07 12:39:00,Leopard,Hunting,24.43701,78.38861,24.6,Sunny,Savanna,Evening,LEO_001,24.59601,78.3294,2025-05-04 00:01:00,18.667227353665076,84.63333333333334,0.22056590020084768,0,0,0,0,2,5,7,Low,Normal,"Habitat factor, Active/risk behavior"
S0745,2025-05-09 01:11:00,Leopard,Playing,24.40477,78.54621,23.2,Windy,Wetland,Afternoon,LEO_001,24.43701,78.38861,2025-05-07 12:39:00,16.354223793803282,36.53333333333333,0.44765211114425046,0,0,0,5,5,2,12,Low,Normal,"Environmental condition, Habitat factor, Active/risk behavior"
S0532,2025-05-12 04:05:00,Leopard,Playing,24.31851,78.60704,28.6,Sunny,Wetland,Morning,LEO_001,24.40477,78.54621,2025-05-09 01:11:00,11.400308121692145,74.9,0.15220705102392715,0,0,0,0,5,2,7,Low,Normal,"Habitat factor, Active/risk behavior"
S0938,2025-05-15 04:38:00,Leopard,Playing,24.67741,78.45085,27.5,Sunny,Forest,Morning,LEO_001,24.31851,78.60704,2025-05-12 04:05:00,42.923229018798246,72.55,0.5916365130089352,0,20,0,0,3,2,25,Moderate,Monitor,"Large movement distance, Habitat factor, Active/risk behavior"
S0152,2025-05-17 21:16:00,Leopard,Alert,24.48316,78.50006,28.3,Windy,Grassland,Night,LEO_001,24.67741,78.45085,2025-05-15 04:38:00,22.16538357248276,64.63333333333334,0.3429404369130906,0,0,0,5,1,4,10,Low,Normal,"Environmental condition, Habitat factor, Active/risk behavior"
S0817,2025-05-21 05:01:00,Leopard,Socializing,24.34199,78.45411,34.4,Sunny,Wetland,Night,LEO_001,24.48316,78.50006,2025-05-17 21:16:00,16.372371830324155,79.75,0.20529619849936245,0,0,0,0,5,1,6,Low,Normal,"Habitat factor, Active/risk behavior"
S0272,2025-05-23 02:01:00,Leopard,Playing,24.66629,78.63672,31.6,Foggy,Desert,Morning,LEO_001,24.34199,78.45411,2025-05-21 05:01:00,40.518363423661306,45.0,0.9004080760813623,20,20,0,8,1,2,51,High,High Priority,"High movement speed, Large movement distance, Environmental condition, Habitat factor, Active/risk behavior"
S0618,2025-05-25 14:59:00,Leopard,Resting,24.60389,78.59801,26.7,Windy,Savanna,Evening,LEO_001,24.66629,78.63672,2025-05-23 02:01:00,7.96567147248341,60.96666666666667,0.13065617505440258,0,0,0,5,2,0,7,Low,Normal,"Environmental condition, Habitat factor"
S0849,2025-05-27 16:51:00,Leopard,Hunting,24.39564,78.39121,28.1,Windy,Grassland,Night,LEO_001,24.60389,78.59801,2025-05-25 14:59:00,31.209909058067087,49.86666666666667,0.625867160255356,0,0,0,5,1,5,11,Low,Normal,"Environmental condition, Habitat factor, Active/risk behavior"
S0710,2025-05-30 14:46:00,Leopard,Hunting,24.37658,78.64658,19.5,Rainy,Grassland,Afternoon,LEO_001,24.39564,78.39121,2025-05-27 16:51:00,25.94916822266975,69.91666666666667,0.3711442415638105,0,0,0,5,1,5,11,Low,Normal,"Environmental condition, Habitat factor, Active/risk behavior"
S0563,2025-05-01 14:24:00,Leopard,Alert,24.40874,78.49535,19.3,Windy,Wetland,Afternoon,LEO_002,,,,0.0,,0.0,0,0,0,5,5,4,14,Low,Normal,"Environmental condition, Habitat factor, Active/risk behavior"
S0377,2025-05-04 01:11:00,Leopard,Resting,24.44255,78.60286,28.8,Cloudy,Forest,Morning,LEO_002,24.40874,78.49535,2025-05-01 14:24:00,11.515585878460909,58.78333333333333,0.19589882413032453,0,0,0,2,3,0,5,Low,Normal,"Environmental condition, Habitat factor"
S0609,2025-05-07 15:54:00,Leopard,Running,24.39861,78.51854,26.8,Rainy,Savanna,Afternoon,LEO_002,24.44255,78.60286,2025-05-04 01:11:00,9.836401354698888,86.71666666666667,0.11343149745952974,0,0,0,5,2,5,12,Low,Normal,"Environmental condition, Habitat factor, Active/risk behavior"
S0159,2025-05-09 02:38:00,Leopard,Running,24.45207,78.53855,26.4,Windy,Wetland,Night,LEO_002,24.39861,78.51854,2025-05-07 15:54:00,6.280208325641418,34.733333333333334,0.18081213989370684,0,0,0,5,5,5,15,Low,Normal,"Environmental condition, Habitat factor, Active/risk behavior"
S0356,2025-05-12 18:09:00,Leopard,Grazing,24.33398,78.32301,23.0,Foggy,Forest,Night,LEO_002,24.45207,78.53855,2025-05-09 02:38:00,25.47280139761193,87.51666666666667,0.29106228982226545,0,0,0,8,3,1,12,Low,Normal,"Environmental condition, Habitat factor, Active/risk behavior"
S0882,2025-05-15 05:22:00,Leopard,Alert,24.65941,78.65782,21.5,Foggy,Forest,Night,LEO_002,24.33398,78.32301,2025-05-12 18:09:00,49.56966419957861,59.21666666666667,0.8370897416196782,20,20,0,8,3,4,55,High,High Priority,"High movement speed, Large movement distance, Environmental condition, Habitat factor, Active/risk behavior"
S0293,2025-05-18 07:10:00,Leopard,Running,24.46347,78.40257,19.6,Rainy,Desert,Evening,LEO_002,24.65941,78.65782,2025-05-15 05:22:00,33.779812771610075,73.8,0.4577210402657192,0,0,0,5,1,5,11,Low,Normal,"Environmental condition, Habitat factor, Active/risk behavior"
S0933,2025-05-21 07:00:00,Leopard,Alert,24.53214,78.43053,19.4,Sunny,Desert,Night,LEO_002,24.46347,78.40257,2025-05-18 07:10:00,8.143017171859935,71.83333333333333,0.11335986782171603,0,0,0,0,1,4,5,Low,Normal,"Habitat factor, Active/risk behavior"
S0347,2025-05-23 12:30:00,Leopard,Hunting,24.6186,78.53131,33.9,Windy,Savanna,Night,LEO_002,24.53214,78.43053,2025-05-21 07:00:00,14.010210089050469,53.5,0.26187308577664425,0,0,0,5,2,5,12,Low,Normal,"Environmental condition, Habitat factor, Active/risk behavior"
S0913,2025-05-25 18:20:00,Leopard,Socializing,24.49596,78.51774,27.2,Cloudy,Grassland,Afternoon,LEO_002,24.6186,78.53131,2025-05-23 12:30:00,13.705832647971745,53.833333333333336,0.2545975104886392,0,0,0,2,1,1,4,Low,Normal,"Environmental condition, Habitat factor, Active/risk behavior"
S0442,2025-05-27 20:03:00,Leopard,Resting,24.49099,78.57002,30.3,Foggy,Forest,Morning,LEO_002,24.49596,78.51774,2025-05-25 18:20:00,5.318913404898691,49.71666666666667,0.10698451367546813,0,0,0,8,3,0,11,Low,Normal,"Environmental condition, Habitat factor"
S0238,2025-05-30 16:34:00,Leopard,Running,24.66363,78.37311,33.1,Rainy,Forest,Evening,LEO_002,24.49099,78.57002,2025-05-27 20:03:00,27.658413339919864,68.51666666666667,0.4036742399404505,0,0,0,5,3,5,13,Low,Normal,"Environmental condition, Habitat factor, Active/risk behavior"
S0972,2025-05-01 15:28:00,Leopard,Playing,24.49739,78.64305,20.8,Cloudy,Wetland,Night,LEO_003,,,,0.0,,0.0,0,0,0,2,5,2,9,Low,Normal,"Environmental condition, Habitat factor, Active/risk behavior"
S0083,2025-05-04 14:48:00,Leopard,Resting,24.55027,78.62381,34.6,Rainy,Grassland,Afternoon,LEO_003,24.49739,78.64305,2025-05-01 15:28:00,6.193763135792875,71.33333333333333,0.08682845517466649,0,0,0,5,1,0,6,Low,Normal,"Environmental condition, Habitat factor"
S0576,2025-05-07 17:14:00,Leopard,Alert,24.4602,78.40263,28.6,Rainy,Grassland,Morning,LEO_003,24.55027,78.62381,2025-05-04 14:48:00,24.517637497072307,74.43333333333334,0.3293905619848496,0,0,0,5,1,4,10,Low,Normal,"Environmental condition, Habitat factor, Active/risk behavior"
S0747,2025-05-09 04:48:00,Leopard,Grazing,24.56301,78.40444,19.2,Foggy,Desert,Night,LEO_003,24.4602,78.40263,2025-05-07 17:14:00,11.433417017313046,35.56666666666667,0.32146439598818305,0,0,0,8,1,1,10,Low,Normal,"Environmental condition, Habitat factor, Active/risk behavior"
S0125,2025-05-12 20:10:00,Leopard,Resting,24.63731,78.37435,31.2,Cloudy,Forest,Night,LEO_003,24.56301,78.40444,2025-05-09 04:48:00,8.804081259540016,87.36666666666666,0.10077162830454045,0,0,0,2,3,0,5,Low,Normal,"Environmental condition, Habitat factor"
S0632,2025-05-15 15:26:00,Leopard,Hunting,24.62755,78.37974,24.5,Rainy,Grassland,Evening,LEO_003,24.63731,78.37435,2025-05-12 20:10:00,1.2143321772063476,67.26666666666667,0.01805251006748782,0,0,0,5,1,5,11,Low,Normal,"Environmental condition, Habitat factor, Active/risk behavior"
S0113,2025-05-19 08:11:00,Leopard,Socializing,24.64971,78.62009,31.6,Cloudy,Savanna,Evening,LEO_003,24.62755,78.37974,2025-05-15 15:26:00,24.417113018149415,88.75,0.27512240020450046,0,0,0,2,2,1,5,Low,Normal,"Environmental condition, Habitat factor, Active/risk behavior"
S0394,2025-05-21 08:19:00,Leopard,Running,24.60709,78.45287,25.3,Cloudy,Desert,Evening,LEO_003,24.64971,78.62009,2025-05-19 08:11:00,17.554320726938855,48.13333333333333,0.36470195416077955,0,0,0,2,1,5,8,Low,Normal,"Environmental condition, Habitat factor, Active/risk behavior"
S0189,2025-05-23 23:45:00,Leopard,Grazing,24.60394,78.67547,33.5,Cloudy,Grassland,Evening,LEO_003,24.60709,78.45287,2025-05-21 08:19:00,22.50713496865701,63.43333333333333,0.3548155801680033,0,0,0,2,1,1,4,Low,Normal,"Environmental condition, Habitat factor, Active/risk behavior"
S0712,2025-05-25 18:52:00,Leopard,Alert,24.36016,78.60346,24.3,Cloudy,Wetland,Afternoon,LEO_003,24.60394,78.67547,2025-05-23 23:45:00,28.069529130195825,43.11666666666667,0.651013431701488,0,0,0,2,5,4,11,Low,Normal,"Environmental condition, Habitat factor, Active/risk behavior"
S0052,2025-05-28 02:34:00,Leopard,Socializing,24.4053,78.51233,33.0,Cloudy,Forest,Morning,LEO_003,24.36016,78.60346,2025-05-25 18:52:00,10.505974025032799,55.7,0.18861712791800356,0,0,0,2,3,1,6,Low,Normal,"Environmental condition, Habitat factor, Active/risk behavior"
S0786,2025-05-30 16:59:00,Leopard,Playing,24.67693,78.47104,20.0,Cloudy,Desert,Morning,LEO_003,24.4053,78.51233,2025-05-28 02:34:00,30.491264150702158,62.416666666666664,0.4885115751781387,0,0,0,2,1,2,5,Low,Normal,"Environmental condition, Habitat factor, Active/risk behavior"
S0770,2025-05-01 23:51:00,Leopard,Alert,24.68649,78.4058,20.8,Cloudy,Wetland,Morning,LEO_004,,,,0.0,,0.0,0,0,0,2,5,4,11,Low,Normal,"Environmental condition, Habitat factor, Active/risk behavior"
S0376,2025-05-05 06:04:00,Leopard,Hunting,24.58856,78.5058,20.5,Windy,Forest,Morning,LEO_004,24.68649,78.4058,2025-05-01 23:51:00,14.857083522913207,78.21666666666667,0.18994779701146228,0,0,0,5,3,5,13,Low,Normal,"Environmental condition, Habitat factor, Active/risk behavior"
S0851,2025-05-07 19:47:00,Leopard,Hunting,24.60191,78.63521,25.4,Windy,Grassland,Morning,LEO_004,24.58856,78.5058,2025-05-05 06:04:00,13.16810403073455,61.71666666666667,0.21336382442454038,0,0,0,5,1,5,11,Low,Normal,"Environmental condition, Habitat factor, Active/risk behavior"
S0061,2025-05-09 06:20:00,Leopard,Hunting,24.50545,78.69767,27.7,Cloudy,Desert,Morning,LEO_004,24.60191,78.63521,2025-05-07 19:47:00,12.447933593398478,34.55,0.3602875135571195,0,0,0,2,1,5,8,Low,Normal,"Environmental condition, Habitat factor, Active/risk behavior"
S0752,2025-05-13 14:44:00,Leopard,Playing,24.63655,78.53663,28.2,Windy,Forest,Afternoon,LEO_004,24.50545,78.69767,2025-05-09 06:20:00,21.856785360693834,104.4,0.20935618161584132,0,0,0,5,3,2,10,Low,Normal,"Environmental condition, Habitat factor, Active/risk behavior"
S0776,2025-05-15 23:50:00,Leopard,Resting,24.55915,78.39867,31.2,Rainy,Grassland,Night,LEO_004,24.63655,78.53663,2025-05-13 14:44:00,16.389860930218617,57.1,0.2870378446623225,0,0,0,5,1,0,6,Low,Normal,"Environmental condition, Habitat factor"
S0741,2025-05-19 09:49:00,Leopard,Hunting,24.46443,78.30116,22.3,Rainy,Wetland,Afternoon,LEO_004,24.55915,78.39867,2025-05-15 23:50:00,14.431143264818605,81.98333333333333,0.17602532951598215,0,0,0,5,5,5,15,Low,Normal,"Environmental condition, Habitat factor, Active/risk behavior"
S0486,2025-05-21 19:21:00,Leopard,Playing,24.31546,78.64289,26.2,Windy,Wetland,Morning,LEO_004,24.46443,78.30116,2025-05-19 09:49:00,38.367521480591414,57.53333333333333,0.6668746491412181,0,0,0,5,5,2,12,Low,Normal,"Environmental condition, Habitat factor, Active/risk behavior"
S0156,2025-05-24 04:01:00,Leopard,Playing,24.53218,78.6987,18.8,Foggy,Grassland,Afternoon,LEO_004,24.31546,78.64289,2025-05-21 19:21:00,24.751747216557856,56.666666666666664,0.4367955391157269,0,0,0,8,1,2,11,Low,Normal,"Environmental condition, Habitat factor, Active/risk behavior"
S0914,2025-05-26 13:42:00,Leopard,Running,24.58296,78.61196,33.7,Sunny,Desert,Afternoon,LEO_004,24.53218,78.6987,2025-05-24 04:01:00,10.43269674585419,57.68333333333333,0.18086154427947168,0,0,0,0,1,5,6,Low,Normal,"Habitat factor, Active/risk behavior"
S0000,2025-05-28 16:21:00,Leopard,Grazing,24.49111,78.4894,19.0,Rainy,Grassland,Evening,LEO_004,24.58296,78.61196,2025-05-26 13:42:00,16.062521278404564,50.65,0.3171277646279282,0,0,0,5,1,1,7,Low,Normal,"Environmental condition, Habitat factor, Active/risk behavior"
S0872,2025-05-02 06:23:00,Leopard,Playing,24.59258,78.68308,23.8,Sunny,Forest,Night,LEO_005,,,,0.0,,0.0,0,0,0,0,3,2,5,Low,Normal,"Habitat factor, Active/risk behavior"
S0013,2025-05-06 04:38:00,Leopard,Running,24.48125,78.69011,31.2,Rainy,Grassland,Evening,LEO_005,24.59258,78.68308,2025-05-02 06:23:00,12.399738501776023,94.25,0.13156221222043527,0,0,0,5,1,5,11,Low,Normal,"Environmental condition, Habitat factor, Active/risk behavior"
S0212,2025-05-08 11:04:00,Leopard,Playing,24.50706,78.34275,27.1,Rainy,Desert,Afternoon,LEO_005,24.48125,78.69011,2025-05-06 04:38:00,35.26555077247186,54.43333333333333,0.6478668237441249,0,0,0,5,1,2,8,Low,Normal,"Environmental condition, Habitat factor, Active/risk behavior"
S0154,2025-05-09 12:15:00,Leopard,Resting,24.32333,78.55719,18.5,Rainy,Grassland,Afternoon,LEO_005,24.50706,78.34275,2025-05-08 11:04:00,29.81278622344298,25.183333333333334,1.1838300287270542,20,0,0,5,1,0,26,Moderate,Monitor,"High movement speed, Environmental condition, Habitat factor"
S0494,2025-05-14 05:28:00,Leopard,Running,24.51148,78.4892,34.6,Sunny,Forest,Afternoon,LEO_005,24.32333,78.55719,2025-05-09 12:15:00,22.02477133437797,113.21666666666667,0.19453647579312205,0,0,0,0,3,5,8,Low,Normal,"Habitat factor, Active/risk behavior"
S0665,2025-05-16 04:10:00,Leopard,Resting,24.53279,78.43356,29.0,Windy,Grassland,Morning,LEO_005,24.51148,78.4892,2025-05-14 05:28:00,6.107259042227598,46.7,0.1307764248871006,0,0,0,5,1,0,6,Low,Normal,"Environmental condition, Habitat factor"
S0687,2025-05-19 14:04:00,Leopard,Hunting,24.55497,78.51279,19.0,Rainy,Grassland,Morning,LEO_005,24.53279,78.43356,2025-05-16 04:10:00,8.384855472337641,81.9,0.10237918769643028,0,0,0,5,1,5,11,Low,Normal,"Environmental condition, Habitat factor, Active/risk behavior"
S0165,2025-05-22 00:00:00,Leopard,Grazing,24.5477,78.67495,28.3,Rainy,Grassland,Evening,LEO_005,24.55497,78.51279,2025-05-19 14:04:00,16.421050612454472,57.93333333333333,0.28344736385134306,0,0,0,5,1,1,7,Low,Normal,"Environmental condition, Habitat factor, Active/risk behavior"
S0432,2025-05-24 05:37:00,Leopard,Playing,24.34635,78.66638,26.9,Foggy,Forest,Morning,LEO_005,24.5477,78.67495,2025-05-22 00:00:00,22.40589861246237,53.61666666666667,0.4178905554080641,0,0,0,8,3,2,13,Low,Normal,"Environmental condition, Habitat factor, Active/risk behavior"
S0852,2025-05-26 17:59:00,Leopard,Alert,24.53363,78.46494,23.0,Foggy,Forest,Night,LEO_005,24.34635,78.66638,2025-05-24 05:37:00,29.14614656456925,60.36666666666667,0.4828185515941897,0,0,0,8,3,4,15,Low,Normal,"Environmental condition, Habitat factor, Active/risk behavior"
S0166,2025-05-28 17:52:00,Leopard,Running,24.60628,78.32045,28.6,Foggy,Grassland,Afternoon,LEO_005,24.53363,78.46494,2025-05-26 17:59:00,16.69621703814381,47.88333333333333,0.3486853540858436,0,0,0,8,1,5,14,Low,Normal,"Environmental condition, Habitat factor, Active/risk behavior"
S0626,2025-05-02 11:56:00,Leopard,Alert,24.55545,78.65513,34.1,Rainy,Grassland,Morning,LEO_006,,,,0.0,,0.0,0,0,0,5,1,4,10,Low,Normal,"Environmental condition, Habitat factor, Active/risk behavior"
S0398,2025-05-06 13:05:00,Leopard,Grazing,24.53348,78.58349,27.6,Rainy,Forest,Night,LEO_006,24.55545,78.65513,2025-05-02 11:56:00,7.646913163179567,97.15,0.07871243605949117,0,0,0,5,3,1,9,Low,Normal,"Environmental condition, Habitat factor, Active/risk behavior"
S0049,2025-05-08 11:48:00,Leopard,Alert,24.42716,78.6345,33.2,Cloudy,Grassland,Morning,LEO_006,24.53348,78.58349,2025-05-06 13:05:00,12.900128411076915,46.71666666666667,0.27613546366914554,0,0,0,2,1,4,7,Low,Normal,"Environmental condition, Habitat factor, Active/risk behavior"
S0605,2025-05-09 18:56:00,Leopard,Playing,24.69303,78.49456,33.1,Sunny,Wetland,Morning,LEO_006,24.42716,78.6345,2025-05-08 11:48:00,32.77644002976199,31.133333333333333,1.0527764463520983,20,0,0,0,5,2,27,Moderate,Monitor,"High movement speed, Habitat factor, Active/risk behavior"
S0865,2025-05-14 07:46:00,Leopard,Grazing,24.54253,78.34471,25.7,Sunny,Desert,Night,LEO_006,24.69303,78.49456,2025-05-09 18:56:00,22.572502426329354,108.83333333333333,0.20740431019598182,0,0,0,0,1,1,2,Low,Normal,"Habitat factor, Active/risk behavior"
S0534,2025-05-16 12:25:00,Leopard,Running,24.60683,78.68826,33.7,Foggy,Grassland,Morning,LEO_006,24.54253,78.34471,2025-05-14 07:46:00,35.468863375932585,52.65,0.673672618726165,0,0,0,8,1,5,14,Low,Normal,"Environmental condition, Habitat factor, Active/risk behavior"
S0161,2025-05-20 01:44:00,Leopard,Running,24.46613,78.37998,19.9,Sunny,Desert,Morning,LEO_006,24.60683,78.68826,2025-05-16 12:25:00,34.8882434834362,85.31666666666666,0.40892647177303615,0,0,0,0,1,5,6,Low,Normal,"Habitat factor, Active/risk behavior"
S0892,2025-05-22 05:41:00,Leopard,Playing,24.3954,78.48281,27.8,Windy,Forest,Evening,LEO_006,24.46613,78.37998,2025-05-20 01:44:00,13.047271372352647,51.95,0.251150555771947,0,0,0,5,3,2,10,Low,Normal,"Environmental condition, Habitat factor, Active/risk behavior"
S0545,2025-05-24 13:09:00,Leopard,Running,24.31421,78.34247,18.9,Sunny,Forest,Afternoon,LEO_006,24.3954,78.48281,2025-05-22 05:41:00,16.840690139498026,55.46666666666667,0.30361821164960384,0,0,0,0,3,5,8,Low,Normal,"Habitat factor, Active/risk behavior"
S0419,2025-05-26 20:17:00,Leopard,Playing,24.41837,78.33211,32.5,Windy,Grassland,Morning,LEO_006,24.31421,78.34247,2025-05-24 13:09:00,11.629504305325732,55.13333333333333,0.21093417724290928,0,0,0,5,1,2,8,Low,Normal,"Environmental condition, Habitat factor, Active/risk behavior"
S0304,2025-05-28 18:44:00,Leopard,Alert,24.47804,78.68374,24.2,Rainy,Savanna,Evening,LEO_006,24.41837,78.33211,2025-05-26 20:17:00,36.20676978266408,46.45,0.7794783591531557,20,0,0,5,2,4,31,Moderate,Monitor,"High movement speed, Environmental condition, Habitat factor, Active/risk behavior"
S0248,2025-05-02 12:03:00,Leopard,Socializing,24.45604,78.44189,30.7,Rainy,Grassland,Morning,LEO_007,,,,0.0,,0.0,0,0,0,5,1,1,7,Low,Normal,"Environmental condition, Habitat factor, Active/risk behavior"
S0438,2025-05-06 20:09:00,Leopard,Running,24.62364,78.49511,23.8,Windy,Forest,Night,LEO_007,24.45604,78.44189,2025-05-02 12:03:00,19.398194653337477,104.1,0.1863419275056434,0,0,0,5,3,5,13,Low,Normal,"Environmental condition, Habitat factor, Active/risk behavior"
S0783,2025-05-08 13:26:00,Leopard,Alert,24.32445,78.52298,27.4,Windy,Forest,Night,LEO_007,24.62364,78.49511,2025-05-06 20:09:00,33.387761344123696,41.28333333333333,0.8087467422880185,20,0,0,5,3,4,32,Moderate,Monitor,"High movement speed, Environmental condition, Habitat factor, Active/risk behavior"
S0277,2025-05-10 07:47:00,Leopard,Resting,24.37162,78.48477,23.5,Cloudy,Wetland,Afternoon,LEO_007,24.32445,78.52298,2025-05-08 13:26:00,6.51876501336911,42.35,0.1539259743416555,0,0,0,2,5,0,7,Low,Normal,"Environmental condition, Habitat factor"
S0908,2025-05-14 09:48:00,Leopard,Resting,24.64309,78.6747,31.1,Rainy,Wetland,Night,LEO_007,24.37162,78.48477,2025-05-10 07:47:00,35.78373230871514,98.01666666666667,0.3650780374975188,0,0,0,5,5,0,10,Low,Normal,"Environmental condition, Habitat factor"
S0756,2025-05-16 12:29:00,Leopard,Grazing,24.53932,78.6898,21.6,Windy,Savanna,Morning,LEO_007,24.64309,78.6747,2025-05-14 09:48:00,11.639266217282184,50.68333333333333,0.22964681783522892,0,0,0,5,2,1,8,Low,Normal,"Environmental condition, Habitat factor, Active/risk behavior"
S0921,2025-05-20 03:19:00,Leopard,Grazing,24.31678,78.43,31.1,Windy,Grassland,Morning,LEO_007,24.53932,78.6898,2025-05-16 12:29:00,36.11294414124386,86.83333333333333,0.4158880323367815,0,0,0,5,1,1,7,Low,Normal,"Environmental condition, Habitat factor, Active/risk behavior"
S0233,2025-05-22 09:53:00,Leopard,Resting,24.35676,78.56026,34.3,Foggy,Wetland,Night,LEO_007,24.31678,78.43,2025-05-20 03:19:00,13.925813745735908,54.56666666666667,0.25520733804036483,0,0,0,8,5,0,13,Low,Normal,"Environmental condition, Habitat factor"
S0660,2025-05-24 19:51:00,Leopard,Playing,24.61878,78.60293,20.1,Rainy,Savanna,Morning,LEO_007,24.35676,78.56026,2025-05-22 09:53:00,29.45351624077581,57.96666666666667,0.5081112634981451,0,0,0,5,2,2,9,Low,Normal,"Environmental condition, Habitat factor, Active/risk behavior"
S0153,2025-05-26 22:28:00,Leopard,Hunting,24.68071,78.36317,19.4,Rainy,Grassland,Morning,LEO_007,24.61878,78.60293,2025-05-24 19:51:00,25.190208729932177,50.61666666666667,0.4976662903509814,0,0,0,5,1,5,11,Low,Normal,"Environmental condition, Habitat factor, Active/risk behavior"
S0775,2025-05-29 00:14:00,Leopard,Alert,24.61375,78.53572,20.3,Foggy,Savanna,Afternoon,LEO_007,24.68071,78.36317,2025-05-26 22:28:00,18.961621603829705,49.766666666666666,0.3810104809878708,0,0,0,8,2,4,14,Low,Normal,"Environmental condition, Habitat factor, Active/risk behavior"
S0315,2025-05-02 12:10:00,Leopard,Running,24.41709,78.67703,32.7,Foggy,Forest,Afternoon,LEO_008,,,,0.0,,0.0,0,0,0,8,3,5,16,Low,Normal,"Environmental condition, Habitat factor, Active/risk behavior"
S0615,2025-05-06 23:35:00,Leopard,Alert,24.36304,78.68398,24.3,Cloudy,Grassland,Night,LEO_008,24.41709,78.67703,2025-05-02 12:10:00,6.051158252377882,107.41666666666667,0.05633351359855282,0,0,0,2,1,4,7,Low,Normal,"Environmental condition, Habitat factor, Active/risk behavior"
S0964,2025-05-08 15:18:00,Leopard,Socializing,24.50941,78.40889,23.9,Sunny,Grassland,Night,LEO_008,24.36304,78.68398,2025-05-06 23:35:00,32.25579423198892,39.71666666666667,0.8121475677378662,20,0,0,0,1,1,22,Low,Normal,"High movement speed, Habitat factor, Active/risk behavior"
S0840,2025-05-11 04:44:00,Leopard,Socializing,24.61155,78.42954,28.6,Sunny,Wetland,Morning,LEO_008,24.50941,78.40889,2025-05-08 15:18:00,11.547864740493077,61.43333333333333,0.1879739241534413,0,0,0,0,5,1,6,Low,Normal,"Habitat factor, Active/risk behavior"
S0848,2025-05-14 12:37:00,Leopard,Running,24.6043,78.56503,23.8,Rainy,Savanna,Afternoon,LEO_008,24.61155,78.42954,2025-05-11 04:44:00,13.72120452082371,79.88333333333334,0.1717655479343673,0,0,0,5,2,5,12,Low,Normal,"Environmental condition, Habitat factor, Active/risk behavior"
S0479,2025-05-16 15:45:00,Leopard,Hunting,24.64262,78.33511,33.7,Foggy,Desert,Night,LEO_008,24.6043,78.56503,2025-05-14 12:37:00,23.628483904536058,51.13333333333333,0.46209551312652003,0,0,0,8,1,5,14,Low,Normal,"Environmental condition, Habitat factor, Active/risk behavior"
S0575,2025-05-20 05:37:00,Leopard,Running,24.43009,78.34022,23.8,Sunny,Forest,Afternoon,LEO_008,24.64262,78.33511,2025-05-16 15:45:00,23.63790996904476,85.86666666666666,0.2752862185835958,0,0,0,0,3,5,8,Low,Normal,"Habitat factor, Active/risk behavior"
S0893,2025-05-22 09:53:00,Leopard,Resting,24.38694,78.41566,20.7,Cloudy,Desert,Night,LEO_008,24.43009,78.34022,2025-05-20 05:37:00,9.020675639645745,52.266666666666666,0.17258945739118134,0,0,0,2,1,0,3,Low,Normal,"Environmental condition, Habitat factor"
S0991,2025-05-24 20:59:00,Leopard,Running,24.69964,78.4329,19.4,Sunny,Desert,Evening,LEO_008,24.38694,78.41566,2025-05-22 09:53:00,34.81435276159601,59.1,0.5890753428358039,0,0,0,0,1,5,6,Low,Normal,"Habitat factor, Active/risk behavior"
S0788,2025-05-27 04:48:00,Leopard,Grazing,24.39663,78.50335,24.0,Foggy,Savanna,Morning,LEO_008,24.69964,78.4329,2025-05-24 20:59:00,34.43841218370942,55.81666666666667,0.6169915589795655,0,0,0,8,2,1,11,Low,Normal,"Environmental condition, Habitat factor, Active/risk behavior"
S0487,2025-05-29 01:05:00,Leopard,Resting,24.45325,78.50152,26.0,Rainy,Forest,Night,LEO_008,24.39663,78.50335,2025-05-27 04:48:00,6.2985823127340685,44.28333333333333,0.14223369919610243,0,0,0,5,3,0,8,Low,Normal,"Environmental condition, Habitat factor"
S0239,2025-05-03 01:20:00,Leopard,Socializing,24.43128,78.38255,27.6,Windy,Savanna,Evening,LEO_009,,,,0.0,,0.0,0,0,0,5,2,1,8,Low,Normal,"Environmental condition, Habitat factor, Active/risk behavior"
S0509,2025-05-07 06:33:00,Leopard,Running,24.33832,78.48679,32.9,Cloudy,Wetland,Afternoon,LEO_009,24.43128,78.38255,2025-05-03 01:20:00,14.774859366477713,101.21666666666667,0.14597259377386182,0,0,0,2,5,5,12,Low,Normal,"Environmental condition, Habitat factor, Active/risk behavior"
S0607,2025-05-08 16:31:00,Leopard,Grazing,24.43588,78.62152,22.6,Rainy,Forest,Afternoon,LEO_009,24.33832,78.48679,2025-05-07 06:33:00,17.4315310851731,33.96666666666667,0.51319522331226,0,0,0,5,3,1,9,Low,Normal,"Environmental condition, Habitat factor, Active/risk behavior"
S0404,2025-05-11 09:04:00,Leopard,Grazing,24.51546,78.31041,24.0,Cloudy,Desert,Afternoon,LEO_009,24.43588,78.62152,2025-05-08 16:31:00,32.70500365738603,64.55,0.5066615593708138,0,0,0,2,1,1,4,Low,Normal,"Environmental condition, Habitat factor, Active/risk behavior"
S0380,2025-05-14 19:38:00,Leopard,Playing,24.49764,78.64296,24.3,Rainy,Wetland,Morning,LEO_009,24.51546,78.31041,2025-05-11 09:04:00,33.70496637894836,82.56666666666666,0.40821517616812714,0,0,0,5,5,2,12,Low,Normal,"Environmental condition, Habitat factor, Active/risk behavior"
S0517,2025-05-17 15:21:00,Leopard,Alert,24.39179,78.31815,22.2,Foggy,Desert,Night,LEO_009,24.49764,78.64296,2025-05-14 19:38:00,34.92287149535071,67.71666666666667,0.5157204749498013,0,0,0,8,1,4,13,Low,Normal,"Environmental condition, Habitat factor, Active/risk behavior"
S0029,2025-05-20 10:44:00,Leopard,Resting,24.61044,78.69875,24.2,Rainy,Grassland,Evening,LEO_009,24.39179,78.31815,2025-05-17 15:21:00,45.54253226274201,67.38333333333334,0.6758723561129162,0,20,0,5,1,0,26,Moderate,Monitor,"Large movement distance, Environmental condition, Habitat factor"
S0027,2025-05-22 17:36:00,Leopard,Alert,24.65748,78.34614,20.7,Sunny,Desert,Evening,LEO_009,24.61044,78.69875,2025-05-20 10:44:00,36.02182335585879,54.86666666666667,0.6565338400217277,0,0,0,0,1,4,5,Low,Normal,"Habitat factor, Active/risk behavior"
S0207,2025-05-25 04:12:00,Leopard,Running,24.67552,78.45698,34.4,Foggy,Wetland,Afternoon,LEO_009,24.65748,78.34614,2025-05-22 17:36:00,11.37844709150117,58.6,0.1941714520733988,0,0,0,8,5,5,18,Low,Normal,"Environmental condition, Habitat factor, Active/risk behavior"
S0713,2025-05-27 12:30:00,Leopard,Playing,24.64502,78.64363,30.7,Windy,Desert,Afternoon,LEO_009,24.67552,78.45698,2025-05-25 04:12:00,19.16414653239314,56.3,0.3403933664723471,0,0,0,5,1,2,8,Low,Normal,"Environmental condition, Habitat factor, Active/risk behavior"
S0811,2025-05-29 01:36:00,Leopard,Resting,24.34136,78.47812,26.3,Windy,Wetland,Evening,LEO_009,24.64502,78.64363,2025-05-27 12:30:00,37.690723928022614,37.1,1.0159224778442753,20,0,0,5,5,0,30,Moderate,Monitor,"High movement speed, Environmental condition, Habitat factor"
S0402,2025-05-03 22:27:00,Leopard,Socializing,24.64845,78.6631,25.8,Windy,Grassland,Night,LEO_010,,,,0.0,,0.0,0,0,0,5,1,1,7,Low,Normal,"Environmental condition, Habitat factor, Active/risk behavior"
S0147,2025-05-07 07:43:00,Leopard,Running,24.44857,78.61277,32.8,Windy,Wetland,Morning,LEO_010,24.64845,78.6631,2025-05-03 22:27:00,22.8011643513112,81.26666666666667,0.280572161829096,0,0,0,5,5,5,15,Low,Normal,"Environmental condition, Habitat factor, Active/risk behavior"
S0141,2025-05-08 18:55:00,Leopard,Hunting,24.49619,78.52229,33.9,Windy,Grassland,Morning,LEO_010,24.44857,78.61277,2025-05-07 07:43:00,10.577795346729307,35.2,0.30050554962299164,0,0,0,5,1,5,11,Low,Normal,"Environmental condition, Habitat factor, Active/risk behavior"
S0843,2025-05-11 13:41:00,Leopard,Playing,24.32831,78.48847,32.4,Windy,Forest,Afternoon,LEO_010,24.49619,78.52229,2025-05-08 18:55:00,18.978895054089538,66.76666666666667,0.2842570402509666,0,0,0,5,3,2,10,Low,Normal,"Environmental condition, Habitat factor, Active/risk behavior"
S0193,2025-05-14 23:33:00,Leopard,Grazing,24.65778,78.69981,29.3,Sunny,Savanna,Evening,LEO_010,24.32831,78.48847,2025-05-11 13:41:00,42.42024559605783,81.86666666666666,0.5181626090723677,0,20,0,0,2,1,23,Low,Normal,"Large movement distance, Habitat factor, Active/risk behavior"
S0549,2025-05-17 18:37:00,Leopard,Socializing,24.43393,78.63244,34.0,Cloudy,Desert,Afternoon,LEO_010,24.65778,78.69981,2025-05-14 23:33:00,25.806869943887627,67.06666666666666,0.384794283457569,0,0,0,2,1,1,4,Low,Normal,"Environmental condition, Habitat factor, Active/risk behavior"
S0368,2025-05-20 14:15:00,Leopard,Socializing,24.45273,78.30473,34.0,Sunny,Desert,Evening,LEO_010,24.43393,78.63244,2025-05-17 18:37:00,33.23942908115124,67.63333333333334,0.49146519094851515,0,0,0,0,1,1,2,Low,Normal,"Habitat factor, Active/risk behavior"
S0473,2025-05-22 21:43:00,Leopard,Hunting,24.44711,78.40216,31.1,Rainy,Grassland,Afternoon,LEO_010,24.45273,78.30473,2025-05-20 14:15:00,9.881969043064109,55.46666666666667,0.1781604995744731,0,0,0,5,1,5,11,Low,Normal,"Environmental condition, Habitat factor, Active/risk behavior"
S0019,2025-05-25 04:18:00,Leopard,Alert,24.34238,78.55583,29.5,Sunny,Savanna,Evening,LEO_010,24.44711,78.40216,2025-05-22 21:43:00,19.43670997880757,54.583333333333336,0.3560923965583066,0,0,0,0,2,4,6,Low,Normal,"Habitat factor, Active/risk behavior"
S0116,2025-05-27 16:10:00,Leopard,Grazing,24.69755,78.48976,30.3,Foggy,Grassland,Morning,LEO_010,24.34238,78.55583,2025-05-25 04:18:00,40.05473910203009,59.86666666666667,0.6690657979180973,0,20,0,8,1,1,30,Moderate,Monitor,"Large movement distance, Environmental condition, Habitat factor, Active/risk behavior"
S0285,2025-05-29 15:35:00,Leopard,Playing,24.31963,78.59409,23.0,Windy,Grassland,Evening,LEO_010,24.69755,78.48976,2025-05-27 16:10:00,43.328246351591154,47.416666666666664,0.9137767244623795,20,20,0,5,1,2,48,Moderate,Monitor,"High movement speed, Large movement distance, Environmental condition, Habitat factor, Active/risk behavior"
S0996,2025-05-01 10:10:00,Monkey,Hunting,24.63165,78.45433,30.6,Cloudy,Wetland,Evening,MON_001,,,,0.0,,0.0,0,0,0,2,5,5,12,Low,Normal,"Environmental condition, Habitat factor, Active/risk behavior"
S0322,2025-05-04 13:15:00,Monkey,Running,24.46381,78.523,32.3,Windy,Forest,Afternoon,MON_001,24.63165,78.45433,2025-05-01 10:10:00,19.91349466721756,75.08333333333333,0.2652185749240963,0,0,0,5,3,5,13,Low,Normal,"Environmental condition, Habitat factor, Active/risk behavior"
S0976,2025-05-07 19:10:00,Monkey,Socializing,24.59961,78.4961,30.5,Sunny,Grassland,Night,MON_001,24.46381,78.523,2025-05-04 13:15:00,15.343492789688007,77.91666666666667,0.19692183259492627,0,0,0,0,1,1,2,Low,Normal,"Habitat factor, Active/risk behavior"
S0931,2025-05-12 06:52:00,Monkey,Playing,24.57895,78.46678,24.7,Rainy,Savanna,Evening,MON_001,24.59961,78.4961,2025-05-07 19:10:00,3.750499686083439,107.7,0.034823581114980864,0,0,0,5,2,2,9,Low,Normal,"Environmental condition, Habitat factor, Active/risk behavior"
S0443,2025-05-14 20:57:00,Monkey,Socializing,24.52761,78.31948,27.8,Windy,Grassland,Morning,MON_001,24.57895,78.46678,2025-05-12 06:52:00,15.954262916805561,62.083333333333336,0.2569814161096198,0,0,0,5,1,1,7,Low,Normal,"Environmental condition, Habitat factor, Active/risk behavior"
S0881,2025-05-17 23:44:00,Monkey,Grazing,24.59218,78.3602,25.3,Foggy,Grassland,Evening,MON_001,24.52761,78.31948,2025-05-14 20:57:00,8.27707598661747,74.78333333333333,0.1106807575656448,0,0,0,8,1,1,10,Low,Normal,"Environmental condition, Habitat factor, Active/risk behavior"
S0228,2025-05-20 21:54:00,Monkey,Playing,24.51179,78.41902,32.8,Foggy,Wetland,Evening,MON_001,24.59218,78.3602,2025-05-17 23:44:00,10.737648238785344,70.16666666666667,0.15303061622971986,0,0,0,8,5,2,15,Low,Normal,"Environmental condition, Habitat factor, Active/risk behavior"
S0506,2025-05-24 18:22:00,Monkey,Alert,24.51635,78.42352,29.0,Sunny,Wetland,Night,MON_001,24.51179,78.41902,2025-05-20 21:54:00,0.6814484155854548,92.46666666666667,0.007369665633584587,0,0,0,0,5,4,9,Low,Normal,"Habitat factor, Active/risk behavior"
S0164,2025-05-28 19:49:00,Monkey,Grazing,24.66526,78.52559,20.6,Sunny,Grassland,Morning,MON_001,24.51635,78.42352,2025-05-24 18:22:00,19.510939010817037,97.45,0.20021486927467455,0,0,0,0,1,1,2,Low,Normal,"Habitat factor, Active/risk behavior"
S0946,2025-05-30 06:06:00,Monkey,Alert,24.43094,78.40621,34.4,Cloudy,Wetland,Afternoon,MON_001,24.66526,78.52559,2025-05-28 19:49:00,28.717051864482904,34.28333333333333,0.8376388487452476,20,0,0,2,5,4,31,Moderate,Monitor,"High movement speed, Environmental condition, Habitat factor, Active/risk behavior"
S0922,2025-05-01 21:53:00,Monkey,Running,24.54951,78.44142,24.4,Cloudy,Grassland,Morning,MON_002,,,,0.0,,0.0,0,0,0,2,1,5,8,Low,Normal,"Environmental condition, Habitat factor, Active/risk behavior"
S0428,2025-05-04 22:30:00,Monkey,Hunting,24.52351,78.40105,33.9,Sunny,Wetland,Morning,MON_002,24.54951,78.44142,2025-05-01 21:53:00,5.003383745417076,72.61666666666666,0.06890131391439627,0,0,0,0,5,5,10,Low,Normal,"Habitat factor, Active/risk behavior"
S0274,2025-05-08 07:25:00,Monkey,Running,24.34702,78.52501,27.9,Foggy,Savanna,Afternoon,MON_002,24.52351,78.40105,2025-05-04 22:30:00,23.294039859811313,80.91666666666667,0.28787690866914084,0,0,0,8,2,5,15,Low,Normal,"Environmental condition, Habitat factor, Active/risk behavior"
S0825,2025-05-12 09:49:00,Monkey,Hunting,24.30959,78.31733,24.9,Windy,Savanna,Evening,MON_002,24.34702,78.52501,2025-05-08 07:25:00,21.449963287794766,98.4,0.21798743178653215,0,0,0,5,2,5,12,Low,Normal,"Environmental condition, Habitat factor, Active/risk behavior"
S0412,2025-05-15 00:02:00,Monkey,Playing,24.36709,78.45389,22.3,Foggy,Wetland,Morning,MON_002,24.30959,78.31733,2025-05-12 09:49:00,15.241202152101234,62.21666666666667,0.24496976403055826,0,0,0,8,5,2,15,Low,Normal,"Environmental condition, Habitat factor, Active/risk behavior"
S0188,2025-05-18 10:41:00,Monkey,Running,24.59546,78.43372,24.6,Foggy,Savanna,Evening,MON_002,24.36709,78.45389,2025-05-15 00:02:00,25.475488829910525,82.65,0.3082333796722386,0,0,0,8,2,5,15,Low,Normal,"Environmental condition, Habitat factor, Active/risk behavior"
S0211,2025-05-21 20:06:00,Monkey,Running,24.58474,78.65509,30.8,Rainy,Savanna,Morning,MON_002,24.59546,78.43372,2025-05-18 10:41:00,22.414533517066776,81.41666666666667,0.2753064505678621,0,0,0,5,2,5,12,Low,Normal,"Environmental condition, Habitat factor, Active/risk behavior"
S0720,2025-05-25 01:31:00,Monkey,Alert,24.52445,78.44238,34.3,Rainy,Desert,Evening,MON_002,24.58474,78.65509,2025-05-21 20:06:00,22.533632655580597,77.41666666666667,0.29106952838209593,0,0,0,5,1,4,10,Low,Normal,"Environmental condition, Habitat factor, Active/risk behavior"
S0973,2025-05-28 20:37:00,Monkey,Alert,24.5379,78.43605,18.2,Foggy,Savanna,Evening,MON_002,24.52445,78.44238,2025-05-25 01:31:00,1.6268857851863934,91.1,0.017858241330256788,0,0,0,8,2,4,14,Low,Normal,"Environmental condition, Habitat factor, Active/risk behavior"
S0287,2025-05-30 11:10:00,Monkey,Running,24.55993,78.46212,34.1,Foggy,Grassland,Afternoon,MON_002,24.5379,78.43605,2025-05-28 20:37:00,3.5990908570152658,38.55,0.09336163053217292,0,0,0,8,1,5,14,Low,Normal,"Environmental condition, Habitat factor, Active/risk behavior"
S0114,2025-05-02 10:12:00,Monkey,Alert,24.68744,78.56058,20.2,Sunny,Desert,Afternoon,MON_003,,,,0.0,,0.0,0,0,0,0,1,4,5,Low,Normal,"Habitat factor, Active/risk behavior"
S0802,2025-05-05 03:30:00,Monkey,Running,24.64521,78.4921,24.2,Rainy,Desert,Morning,MON_003,24.68744,78.56058,2025-05-02 10:12:00,8.362661074917186,65.3,0.12806525382721573,0,0,0,5,1,5,11,Low,Normal,"Environmental condition, Habitat factor, Active/risk behavior"
S0464,2025-05-09 15:27:00,Monkey,Playing,24.39554,78.32418,19.5,Rainy,Savanna,Morning,MON_003,24.64521,78.4921,2025-05-05 03:30:00,32.54718030814173,107.95,0.30150236505921013,0,0,0,5,2,2,9,Low,Normal,"Environmental condition, Habitat factor, Active/risk behavior"
S0524,2025-05-12 11:46:00,Monkey,Playing,24.69468,78.38365,28.0,Cloudy,Grassland,Night,MON_003,24.39554,78.32418,2025-05-09 15:27:00,33.80236190981394,68.31666666666666,0.4947893912146466,0,0,0,2,1,2,5,Low,Normal,"Environmental condition, Habitat factor, Active/risk behavior"
S0779,2025-05-15 06:53:00,Monkey,Alert,24.33412,78.38942,20.1,Cloudy,Desert,Afternoon,MON_003,24.69468,78.38365,2025-05-12 11:46:00,40.096692370143934,67.11666666666666,0.5974178152988916,0,20,0,2,1,4,27,Moderate,Monitor,"Large movement distance, Environmental condition, Habitat factor, Active/risk behavior"
S0805,2025-05-19 00:24:00,Monkey,Running,24.67847,78.48479,32.5,Windy,Grassland,Afternoon,MON_003,24.33412,78.38942,2025-05-15 06:53:00,39.48710506834544,89.51666666666667,0.4411145604358083,0,20,0,5,1,5,31,Moderate,Monitor,"Large movement distance, Environmental condition, Habitat factor, Active/risk behavior"
S0213,2025-05-21 21:10:00,Monkey,Grazing,24.53313,78.66314,18.0,Foggy,Wetland,Afternoon,MON_003,24.67847,78.48479,2025-05-19 00:24:00,24.213406944477704,68.76666666666667,0.3521096501862972,0,0,0,8,5,1,14,Low,Normal,"Environmental condition, Habitat factor, Active/risk behavior"
S0077,2025-05-26 00:37:00,Monkey,Grazing,24.68086,78.40254,28.7,Foggy,Savanna,Night,MON_003,24.53313,78.66314,2025-05-21 21:10:00,31.047418852457717,99.45,0.3121912403464828,0,0,0,8,2,1,11,Low,Normal,"Environmental condition, Habitat factor, Active/risk behavior"
S0058,2025-05-28 20:43:00,Monkey,Grazing,24.62666,78.68365,21.5,Sunny,Wetland,Afternoon,MON_003,24.68086,78.40254,2025-05-26 00:37:00,29.040918637419608,68.1,0.42644520759793847,0,0,0,0,5,1,6,Low,Normal,"Habitat factor, Active/risk behavior"
S0890,2025-05-30 19:03:00,Monkey,Alert,24.52726,78.41646,25.2,Rainy,Forest,Evening,MON_003,24.62666,78.68365,2025-05-28 20:43:00,29.191855682419163,46.333333333333336,0.6300400506996942,0,0,0,5,3,4,12,Low,Normal,"Environmental condition, Habitat factor, Active/risk behavior"
S0670,2025-05-03 03:20:00,Monkey,Playing,24.58019,78.51469,23.5,Foggy,Forest,Afternoon,MON_004,,,,0.0,,0.0,0,0,0,8,3,2,13,Low,Normal,"Environmental condition, Habitat factor, Active/risk behavior"
S0821,2025-05-05 20:19:00,Monkey,Grazing,24.32454,78.38972,26.0,Rainy,Desert,Morning,MON_004,24.58019,78.51469,2025-05-03 03:20:00,31.114405089340657,64.98333333333333,0.47880592597087446,0,0,0,5,1,1,7,Low,Normal,"Environmental condition, Habitat factor, Active/risk behavior"
S0308,2025-05-10 01:30:00,Monkey,Hunting,24.63008,78.67405,20.5,Cloudy,Desert,Afternoon,MON_004,24.32454,78.38972,2025-05-05 20:19:00,44.522344363232655,101.18333333333334,0.4400165807599999,0,20,0,2,1,5,28,Moderate,Monitor,"Large movement distance, Environmental condition, Habitat factor, Active/risk behavior"
S0658,2025-05-12 15:16:00,Monkey,Hunting,24.56881,78.37742,30.3,Sunny,Savanna,Evening,MON_004,24.63008,78.67405,2025-05-10 01:30:00,30.75425865105126,61.766666666666666,0.4979102857698531,0,0,0,0,2,5,7,Low,Normal,"Habitat factor, Active/risk behavior"
S0628,2025-05-15 19:23:00,Monkey,Socializing,24.46937,78.54212,23.3,Windy,Forest,Afternoon,MON_004,24.56881,78.37742,2025-05-12 15:16:00,19.99737484398236,76.11666666666666,0.26272005488043393,0,0,0,5,3,1,9,Low,Normal,"Environmental condition, Habitat factor, Active/risk behavior"
S0357,2025-05-19 06:24:00,Monkey,Resting,24.48064,78.57229,20.7,Cloudy,Savanna,Evening,MON_004,24.46937,78.54212,2025-05-15 19:23:00,3.300464832898423,83.01666666666667,0.039756653277234565,0,0,0,2,2,0,4,Low,Normal,"Environmental condition, Habitat factor"
S0763,2025-05-22 18:50:00,Monkey,Alert,24.5312,78.31845,22.7,Windy,Grassland,Morning,MON_004,24.48064,78.57229,2025-05-19 06:24:00,26.291226019479158,84.43333333333334,0.31138443765668167,0,0,0,5,1,4,10,Low,Normal,"Environmental condition, Habitat factor, Active/risk behavior"
S0375,2025-05-26 01:55:00,Monkey,Playing,24.35886,78.46473,27.2,Cloudy,Desert,Evening,MON_004,24.5312,78.31845,2025-05-22 18:50:00,24.217676762162974,79.08333333333333,0.30622984314642326,0,0,0,2,1,2,5,Low,Normal,"Environmental condition, Habitat factor, Active/risk behavior"
S0761,2025-05-28 22:16:00,Monkey,Alert,24.39561,78.37728,18.6,Windy,Forest,Afternoon,MON_004,24.35886,78.46473,2025-05-26 01:55:00,9.75431360509318,68.35,0.14271124513669614,0,0,0,5,3,4,12,Low,Normal,"Environmental condition, Habitat factor, Active/risk behavior"
S0886,2025-05-30 19:35:00,Monkey,Playing,24.43783,78.4493,32.2,Rainy,Desert,Night,MON_004,24.39561,78.37728,2025-05-28 22:16:00,8.672563276045734,45.31666666666667,0.1913769020091004,0,0,0,5,1,2,8,Low,Normal,"Environmental condition, Habitat factor, Active/risk behavior"
S0493,2025-05-03 13:13:00,Monkey,Alert,24.45945,78.4226,27.9,Cloudy,Grassland,Afternoon,MON_005,,,,0.0,,0.0,0,0,0,2,1,4,7,Low,Normal,"Environmental condition, Habitat factor, Active/risk behavior"
S0020,2025-05-06 07:34:00,Monkey,Hunting,24.69335,78.36108,29.6,Cloudy,Forest,Night,MON_005,24.45945,78.4226,2025-05-03 13:13:00,26.742146745580346,66.35,0.40304667287988466,0,0,0,2,3,5,10,Low,Normal,"Environmental condition, Habitat factor, Active/risk behavior"
S0171,2025-05-10 05:47:00,Monkey,Socializing,24.34908,78.33185,27.1,Foggy,Desert,Morning,MON_005,24.69335,78.36108,2025-05-06 07:34:00,38.39511919691531,94.21666666666667,0.40751939710152457,0,0,0,8,1,1,10,Low,Normal,"Environmental condition, Habitat factor, Active/risk behavior"
S0707,2025-05-13 06:41:00,Monkey,Socializing,24.36548,78.31009,29.2,Sunny,Forest,Night,MON_005,24.34908,78.33185,2025-05-10 05:47:00,2.8607975962845336,72.9,0.039242765381132146,0,0,0,0,3,1,4,Low,Normal,"Habitat factor, Active/risk behavior"
S0054,2025-05-15 22:42:00,Monkey,Resting,24.63744,78.41376,19.3,Sunny,Forest,Afternoon,MON_005,24.36548,78.31009,2025-05-13 06:41:00,32.008156179179934,64.01666666666667,0.4999972326870076,0,0,0,0,3,0,3,Low,Normal,Habitat factor
S0774,2025-05-19 10:16:00,Monkey,Playing,24.36364,78.35586,34.5,Cloudy,Grassland,Morning,MON_005,24.63744,78.41376,2025-05-15 22:42:00,31.003710336912548,83.56666666666666,0.3710057080603815,0,0,0,2,1,2,5,Low,Normal,"Environmental condition, Habitat factor, Active/risk behavior"
S0729,2025-05-23 04:44:00,Monkey,Alert,24.67292,78.64241,30.9,Cloudy,Grassland,Morning,MON_005,24.36364,78.35586,2025-05-19 10:16:00,44.978904478852144,90.46666666666667,0.4971875955657938,0,20,0,2,1,4,27,Moderate,Monitor,"Large movement distance, Environmental condition, Habitat factor, Active/risk behavior"
S0682,2025-05-26 13:44:00,Monkey,Playing,24.46105,78.36909,18.9,Sunny,Wetland,Afternoon,MON_005,24.67292,78.64241,2025-05-23 04:44:00,36.318338263762314,81.0,0.4483745464662014,0,0,0,0,5,2,7,Low,Normal,"Habitat factor, Active/risk behavior"
S0700,2025-05-29 05:55:00,Monkey,Grazing,24.61936,78.44787,30.2,Rainy,Wetland,Morning,MON_005,24.46105,78.36909,2025-05-26 13:44:00,19.322898768676147,64.18333333333334,0.3010578878526535,0,0,0,5,5,1,11,Low,Normal,"Environmental condition, Habitat factor, Active/risk behavior"
S0896,2025-05-30 19:46:00,Monkey,Socializing,24.3387,78.59125,22.4,Sunny,Forest,Morning,MON_005,24.61936,78.44787,2025-05-29 05:55:00,34.41624725853234,37.85,0.9092799804103655,20,0,0,0,3,1,24,Low,Normal,"High movement speed, Habitat factor, Active/risk behavior"
S0957,2025-05-03 18:14:00,Monkey,Resting,24.60189,78.5146,34.0,Foggy,Forest,Afternoon,MON_006,,,,0.0,,0.0,0,0,0,8,3,0,11,Low,Normal,"Environmental condition, Habitat factor"
S0101,2025-05-06 14:14:00,Monkey,Alert,24.34921,78.43294,28.0,Rainy,Wetland,Evening,MON_006,24.60189,78.5146,2025-05-03 18:14:00,29.286917766311173,68.0,0.4306899671516349,0,0,0,5,5,4,14,Low,Normal,"Environmental condition, Habitat factor, Active/risk behavior"
S0966,2025-05-10 10:54:00,Monkey,Socializing,24.57138,78.3553,21.7,Cloudy,Grassland,Night,MON_006,24.34921,78.43294,2025-05-06 14:14:00,25.923919975805532,92.66666666666667,0.2797545321130093,0,0,0,2,1,1,4,Low,Normal,"Environmental condition, Habitat factor, Active/risk behavior"
S0146,2025-05-13 15:03:00,Monkey,Resting,24.42384,78.43003,31.2,Windy,Desert,Morning,MON_006,24.57138,78.3553,2025-05-10 10:54:00,18.064441248300522,76.15,0.2372218154734146,0,0,0,5,1,0,6,Low,Normal,"Environmental condition, Habitat factor"
S0837,2025-05-16 11:11:00,Monkey,Hunting,24.37134,78.64644,22.8,Foggy,Forest,Night,MON_006,24.42384,78.43003,2025-05-13 15:03:00,22.679038907916652,68.13333333333334,0.33286260628057707,0,0,0,8,3,5,16,Low,Normal,"Environmental condition, Habitat factor, Active/risk behavior"
S0388,2025-05-19 12:25:00,Monkey,Running,24.52535,78.3595,31.9,Windy,Forest,Afternoon,MON_006,24.37134,78.64644,2025-05-16 11:11:00,33.718001028635186,73.23333333333333,0.4604187668907854,0,0,0,5,3,5,13,Low,Normal,"Environmental condition, Habitat factor, Active/risk behavior"
S0974,2025-05-23 16:50:00,Monkey,Alert,24.51709,78.55479,32.4,Foggy,Savanna,Afternoon,MON_006,24.52535,78.3595,2025-05-19 12:25:00,19.77804275658952,100.41666666666667,0.19695976189134792,0,0,0,8,2,4,14,Low,Normal,"Environmental condition, Habitat factor, Active/risk behavior"
S0954,2025-05-27 15:40:00,Monkey,Socializing,24.40134,78.68653,20.5,Foggy,Forest,Morning,MON_006,24.51709,78.55479,2025-05-23 16:50:00,18.532621216831277,94.83333333333333,0.19542307082774635,0,0,0,8,3,1,12,Low,Normal,"Environmental condition, Habitat factor, Active/risk behavior"
S0749,2025-05-29 06:41:00,Monkey,Playing,24.45256,78.35349,31.4,Sunny,Forest,Night,MON_006,24.40134,78.68653,2025-05-27 15:40:00,34.19519108093588,39.016666666666666,0.8764252306092066,20,0,0,0,3,2,25,Moderate,Monitor,"High movement speed, Habitat factor, Active/risk behavior"
S0069,2025-05-03 23:45:00,Monkey,Resting,24.34329,78.43374,23.4,Sunny,Forest,Morning,MON_007,,,,0.0,,0.0,0,0,0,0,3,0,3,Low,Normal,Habitat factor
S0939,2025-05-06 14:21:00,Monkey,Resting,24.45568,78.64843,20.1,Foggy,Desert,Evening,MON_007,24.34329,78.43374,2025-05-03 23:45:00,25.076313549199185,62.6,0.4005800886453544,0,0,0,8,1,0,9,Low,Normal,"Environmental condition, Habitat factor"
S0062,2025-05-10 18:10:00,Monkey,Playing,24.67406,78.33427,31.8,Foggy,Grassland,Evening,MON_007,24.45568,78.64843,2025-05-06 14:21:00,39.98827301484053,99.81666666666666,0.40061719500591614,0,20,0,8,1,2,31,Moderate,Monitor,"Large movement distance, Environmental condition, Habitat factor, Active/risk behavior"
S0009,2025-05-13 18:27:00,Monkey,Resting,24.64621,78.58716,23.4,Rainy,Forest,Morning,MON_007,24.67406,78.33427,2025-05-10 18:10:00,25.74244049971702,72.28333333333333,0.3561324486933413,0,0,0,5,3,0,8,Low,Normal,"Environmental condition, Habitat factor"
S0378,2025-05-16 11:15:00,Monkey,Running,24.44967,78.48558,24.8,Windy,Desert,Afternoon,MON_007,24.64621,78.58716,2025-05-13 18:27:00,24.148880037744874,64.8,0.37266790181705056,0,0,0,5,1,5,11,Low,Normal,"Environmental condition, Habitat factor, Active/risk behavior"
S0636,2025-05-20 10:36:00,Monkey,Resting,24.6892,78.54169,21.0,Foggy,Forest,Morning,MON_007,24.44967,78.48558,2025-05-16 11:15:00,27.232235517788897,95.35,0.2856028895415721,0,0,0,8,3,0,11,Low,Normal,"Environmental condition, Habitat factor"
S0439,2025-05-23 21:08:00,Monkey,Hunting,24.39496,78.34082,33.4,Windy,Savanna,Morning,MON_007,24.6892,78.54169,2025-05-20 10:36:00,38.51337614371677,82.53333333333333,0.4666402602227395,0,0,0,5,2,5,12,Low,Normal,"Environmental condition, Habitat factor, Active/risk behavior"
S0088,2025-05-27 21:38:00,Monkey,Alert,24.48622,78.65511,20.5,Cloudy,Savanna,Night,MON_007,24.39496,78.34082,2025-05-23 21:08:00,33.394934233110945,96.5,0.3460614946436367,0,0,0,2,2,4,8,Low,Normal,"Environmental condition, Habitat factor, Active/risk behavior"
S0482,2025-05-29 13:39:00,Monkey,Running,24.52919,78.37569,18.5,Foggy,Grassland,Afternoon,MON_007,24.48622,78.65511,2025-05-27 21:38:00,28.671761690893973,40.016666666666666,0.7164955024796494,0,0,0,8,1,5,14,Low,Normal,"Environmental condition, Habitat factor, Active/risk behavior"
S0079,2025-05-04 10:31:00,Monkey,Resting,24.52605,78.60139,21.1,Cloudy,Desert,Afternoon,MON_008,,,,0.0,,0.0,0,0,0,2,1,0,3,Low,Normal,"Environmental condition, Habitat factor"
S0701,2025-05-07 00:10:00,Monkey,Playing,24.40443,78.60583,34.7,Rainy,Forest,Night,MON_008,24.52605,78.60139,2025-05-04 10:31:00,13.530991149650209,61.65,0.21948079723682415,0,0,0,5,3,2,10,Low,Normal,"Environmental condition, Habitat factor, Active/risk behavior"
S0951,2025-05-11 09:43:00,Monkey,Hunting,24.36392,78.60659,24.7,Windy,Savanna,Afternoon,MON_008,24.40443,78.60583,2025-05-07 00:10:00,4.505164033343096,105.55,0.04268274782892559,0,0,0,5,2,5,12,Low,Normal,"Environmental condition, Habitat factor, Active/risk behavior"
S0032,2025-05-14 13:41:00,Monkey,Socializing,24.37612,78.64148,31.1,Rainy,Grassland,Afternoon,MON_008,24.36392,78.60659,2025-05-11 09:43:00,3.785350994816771,75.96666666666667,0.049829104802326954,0,0,0,5,1,1,7,Low,Normal,"Environmental condition, Habitat factor, Active/risk behavior"
S0538,2025-05-17 07:16:00,Monkey,Running,24.61862,78.58422,20.4,Windy,Savanna,Evening,MON_008,24.37612,78.64148,2025-05-14 13:41:00,27.580202786987353,65.58333333333333,0.4205367642234413,0,0,0,5,2,5,12,Low,Normal,"Environmental condition, Habitat factor, Active/risk behavior"
S0847,2025-05-20 18:27:00,Monkey,Alert,24.69376,78.68164,31.2,Foggy,Wetland,Afternoon,MON_008,24.61862,78.58422,2025-05-17 07:16:00,12.912498191305462,83.18333333333334,0.1552293911998252,0,0,0,8,5,4,17,Low,Normal,"Environmental condition, Habitat factor, Active/risk behavior"
S0785,2025-05-24 04:43:00,Monkey,Running,24.47817,78.64177,32.0,Rainy,Wetland,Evening,MON_008,24.69376,78.68164,2025-05-20 18:27:00,24.30912677241731,82.26666666666667,0.29549181652046974,0,0,0,5,5,5,15,Low,Normal,"Environmental condition, Habitat factor, Active/risk behavior"
S0084,2025-05-28 12:59:00,Monkey,Alert,24.61249,78.53363,21.0,Cloudy,Desert,Night,MON_008,24.47817,78.64177,2025-05-24 04:43:00,18.512555921582457,104.26666666666667,0.17755008876198008,0,0,0,2,1,4,7,Low,Normal,"Environmental condition, Habitat factor, Active/risk behavior"
S0797,2025-05-29 14:33:00,Monkey,Running,24.67946,78.31564,25.1,Foggy,Grassland,Night,MON_008,24.61249,78.53363,2025-05-28 12:59:00,23.255710292591445,25.566666666666666,0.9096105720700696,20,0,0,8,1,5,34,Moderate,Monitor,"High movement speed, Environmental condition, Habitat factor, Active/risk behavior"
S0678,2025-05-04 12:11:00,Monkey,Playing,24.38811,78.60972,18.6,Rainy,Wetland,Night,MON_009,,,,0.0,,0.0,0,0,0,5,5,2,12,Low,Normal,"Environmental condition, Habitat factor, Active/risk behavior"
S0655,2025-05-07 04:08:00,Monkey,Resting,24.5149,78.38267,26.9,Windy,Grassland,Night,MON_009,24.38811,78.60972,2025-05-04 12:11:00,26.962168229589754,63.95,0.42161326394980064,0,0,0,5,1,0,6,Low,Normal,"Environmental condition, Habitat factor"
S0446,2025-05-11 09:54:00,Monkey,Grazing,24.35071,78.49649,27.9,Sunny,Grassland,Morning,MON_009,24.5149,78.38267,2025-05-07 04:08:00,21.589265877870627,101.76666666666667,0.21214476787950173,0,0,0,0,1,1,2,Low,Normal,"Habitat factor, Active/risk behavior"
S0068,2025-05-14 14:18:00,Monkey,Grazing,24.47072,78.43227,25.4,Windy,Grassland,Afternoon,MON_009,24.35071,78.49649,2025-05-11 09:54:00,14.844505258673973,76.4,0.19429980705070643,0,0,0,5,1,1,7,Low,Normal,"Environmental condition, Habitat factor, Active/risk behavior"
S0071,2025-05-17 07:37:00,Monkey,Hunting,24.60983,78.30197,23.2,Sunny,Grassland,Morning,MON_009,24.47072,78.43227,2025-05-14 14:18:00,20.321896367598875,65.31666666666666,0.31112880379074576,0,0,0,0,1,5,6,Low,Normal,"Habitat factor, Active/risk behavior"
S0604,2025-05-20 20:52:00,Monkey,Playing,24.32978,78.4855,32.9,Cloudy,Wetland,Night,MON_009,24.60983,78.30197,2025-05-17 07:37:00,36.259100995562136,85.25,0.42532669789515704,0,0,0,2,5,2,9,Low,Normal,"Environmental condition, Habitat factor, Active/risk behavior"
S0306,2025-05-24 10:26:00,Monkey,Grazing,24.46011,78.34158,30.2,Windy,Grassland,Evening,MON_009,24.32978,78.4855,2025-05-20 20:52:00,20.553160209279447,85.56666666666666,0.2402005478295222,0,0,0,5,1,1,7,Low,Normal,"Environmental condition, Habitat factor, Active/risk behavior"
S0222,2025-05-28 15:47:00,Monkey,Hunting,24.58225,78.31601,21.7,Cloudy,Wetland,Morning,MON_009,24.46011,78.34158,2025-05-24 10:26:00,13.825506561362458,101.35,0.13641348358522407,0,0,0,2,5,5,12,Low,Normal,"Environmental condition, Habitat factor, Active/risk behavior"
S0755,2025-05-29 15:00:00,Monkey,Running,24.40212,78.31304,19.2,Foggy,Grassland,Afternoon,MON_009,24.58225,78.31601,2025-05-28 15:47:00,20.031796669520297,23.216666666666665,0.8628196699003717,20,0,0,8,1,5,34,Moderate,Monitor,"High movement speed, Environmental condition, Habitat factor, Active/risk behavior"
S0203,2025-05-04 12:24:00,Monkey,Resting,24.54131,78.37365,25.1,Cloudy,Desert,Evening,MON_010,,,,0.0,,0.0,0,0,0,2,1,0,3,Low,Normal,"Environmental condition, Habitat factor"
S0505,2025-05-07 04:19:00,Monkey,Alert,24.63794,78.30566,22.0,Rainy,Wetland,Evening,MON_010,24.54131,78.37365,2025-05-04 12:24:00,12.755746300196936,63.916666666666664,0.1995683906158582,0,0,0,5,5,4,14,Low,Normal,"Environmental condition, Habitat factor, Active/risk behavior"
S0900,2025-05-12 06:46:00,Monkey,Socializing,24.40416,78.33767,26.2,Rainy,Grassland,Night,MON_010,24.63794,78.30566,2025-05-07 04:19:00,26.19607917481891,122.45,0.21393286382048923,0,0,0,5,1,1,7,Low,Normal,"Environmental condition, Habitat factor, Active/risk behavior"
S0688,2025-05-14 14:27:00,Monkey,Resting,24.6297,78.55503,20.2,Windy,Forest,Morning,MON_010,24.40416,78.33767,2025-05-12 06:46:00,33.354441986578,55.68333333333333,0.5990022505820654,0,0,0,5,3,0,8,Low,Normal,"Environmental condition, Habitat factor"
S0183,2025-05-17 08:20:00,Monkey,Running,24.59229,78.68994,21.5,Rainy,Desert,Afternoon,MON_010,24.6297,78.55503,2025-05-14 14:27:00,14.258803632623678,65.88333333333334,0.2164250488129068,0,0,0,5,1,5,11,Low,Normal,"Environmental condition, Habitat factor, Active/risk behavior"
S0384,2025-05-20 21:17:00,Monkey,Alert,24.43701,78.57227,21.5,Windy,Savanna,Evening,MON_010,24.59229,78.68994,2025-05-17 08:20:00,20.97263661359882,84.95,0.24688212611652524,0,0,0,5,2,4,11,Low,Normal,"Environmental condition, Habitat factor, Active/risk behavior"
S0721,2025-05-24 14:10:00,Monkey,Running,24.3686,78.69995,20.1,Windy,Grassland,Afternoon,MON_010,24.43701,78.57227,2025-05-20 21:17:00,15.000790342346072,88.88333333333334,0.1687694394413584,0,0,0,5,1,5,11,Low,Normal,"Environmental condition, Habitat factor, Active/risk behavior"
S0014,2025-05-28 16:51:00,Monkey,Hunting,24.31099,78.69535,29.8,Windy,Grassland,Evening,MON_010,24.3686,78.69995,2025-05-24 14:10:00,6.42286936442185,98.68333333333334,0.06508565476529489,0,0,0,5,1,5,11,Low,Normal,"Environmental condition, Habitat factor, Active/risk behavior"
S0197,2025-05-29 23:40:00,Monkey,Hunting,24.6387,78.35558,18.9,Foggy,Savanna,Night,MON_010,24.31099,78.69535,2025-05-28 16:51:00,50.102213240691675,30.816666666666666,1.6258154648142242,20,20,0,8,2,5,55,High,High Priority,"High movement speed, Large movement distance, Environmental condition, Habitat factor, Active/risk behavior"
S0086,2025-05-01 06:26:00,Peacock,Playing,24.44835,78.46801,29.5,Sunny,Forest,Morning,PEA_001,,,,0.0,,0.0,0,0,0,0,3,2,5,Low,Normal,"Habitat factor, Active/risk behavior"
S0808,2025-05-03 22:17:00,Peacock,Socializing,24.48302,78.33351,32.5,Sunny,Desert,Night,PEA_001,24.44835,78.46801,2025-05-01 06:26:00,14.148190295807028,63.85,0.22158481277693073,0,0,0,0,1,1,2,Low,Normal,"Habitat factor, Active/risk behavior"
S0458,2025-05-06 10:09:00,Peacock,Alert,24.61948,78.59053,28.9,Foggy,Wetland,Afternoon,PEA_001,24.48302,78.33351,2025-05-03 22:17:00,30.099889122038213,59.86666666666667,0.5027821122834891,0,0,0,8,5,4,17,Low,Normal,"Environmental condition, Habitat factor, Active/risk behavior"
S0201,2025-05-09 05:20:00,Peacock,Alert,24.59934,78.30683,21.3,Rainy,Desert,Evening,PEA_001,24.61948,78.59053,2025-05-06 10:09:00,28.767899658639045,67.18333333333334,0.42819994530348365,0,0,0,5,1,4,10,Low,Normal,"Environmental condition, Habitat factor, Active/risk behavior"
S0640,2025-05-10 02:10:00,Peacock,Alert,24.41045,78.63424,28.3,Windy,Savanna,Afternoon,PEA_001,24.59934,78.30683,2025-05-09 05:20:00,39.22437605921729,20.833333333333332,1.88277005084243,20,0,0,5,2,4,31,Moderate,Monitor,"High movement speed, Environmental condition, Habitat factor, Active/risk behavior"
S0386,2025-05-12 14:31:00,Peacock,Hunting,24.56969,78.50846,25.8,Windy,Desert,Afternoon,PEA_001,24.41045,78.63424,2025-05-10 02:10:00,21.806502445986034,60.35,0.36133392619695165,0,0,0,5,1,5,11,Low,Normal,"Environmental condition, Habitat factor, Active/risk behavior"
S0465,2025-05-15 20:19:00,Peacock,Grazing,24.65186,78.45023,26.1,Cloudy,Forest,Night,PEA_001,24.56969,78.50846,2025-05-12 14:31:00,10.869029138698563,77.8,0.13970474471334915,0,0,0,2,3,1,6,Low,Normal,"Environmental condition, Habitat factor, Active/risk behavior"
S0299,2025-05-18 17:01:00,Peacock,Alert,24.68213,78.53022,33.4,Windy,Forest,Afternoon,PEA_001,24.65186,78.45023,2025-05-15 20:19:00,8.755657296797928,68.7,0.12744770446576315,0,0,0,5,3,4,12,Low,Normal,"Environmental condition, Habitat factor, Active/risk behavior"
S0252,2025-05-21 03:48:00,Peacock,Grazing,24.49966,78.57151,20.2,Windy,Savanna,Night,PEA_001,24.68213,78.53022,2025-05-18 17:01:00,20.714791964402732,58.78333333333333,0.35239226477577656,0,0,0,5,2,1,8,Low,Normal,"Environmental condition, Habitat factor, Active/risk behavior"
S0918,2025-05-23 05:45:00,Peacock,Resting,24.57454,78.33732,27.4,Cloudy,Grassland,Night,PEA_001,24.49966,78.57151,2025-05-21 03:48:00,25.109729560026786,49.95,0.5026972884890247,0,0,0,2,1,0,3,Low,Normal,"Environmental condition, Habitat factor"
S0106,2025-05-25 06:03:00,Peacock,Playing,24.38736,78.44501,27.4,Rainy,Grassland,Evening,PEA_001,24.57454,78.33732,2025-05-23 05:45:00,23.493995598177055,48.3,0.4864181283266471,0,0,0,5,1,2,8,Low,Normal,"Environmental condition, Habitat factor, Active/risk behavior"
S0570,2025-05-27 05:24:00,Peacock,Grazing,24.44687,78.32795,23.4,Foggy,Wetland,Morning,PEA_001,24.38736,78.44501,2025-05-25 06:03:00,13.57439324326497,47.35,0.286682011473389,0,0,0,8,5,1,14,Low,Normal,"Environmental condition, Habitat factor, Active/risk behavior"
S0194,2025-05-30 05:47:00,Peacock,Playing,24.62405,78.53649,28.9,Foggy,Desert,Morning,PEA_001,24.44687,78.32795,2025-05-27 05:24:00,28.864132735222455,72.38333333333334,0.3987676638529466,0,0,0,8,1,2,11,Low,Normal,"Environmental condition, Habitat factor, Active/risk behavior"
S0768,2025-05-01 09:51:00,Peacock,Hunting,24.49345,78.43384,28.5,Rainy,Desert,Night,PEA_002,,,,0.0,,0.0,0,0,0,5,1,5,11,Low,Normal,"Environmental condition, Habitat factor, Active/risk behavior"
S0748,2025-05-04 07:38:00,Peacock,Socializing,24.61207,78.47691,25.7,Foggy,Forest,Morning,PEA_002,24.49345,78.43384,2025-05-01 09:51:00,13.890658167043714,69.78333333333333,0.1990540936285223,0,0,0,8,3,1,12,Low,Normal,"Environmental condition, Habitat factor, Active/risk behavior"
S0076,2025-05-06 17:36:00,Peacock,Hunting,24.56098,78.3027,21.8,Rainy,Forest,Morning,PEA_002,24.61207,78.47691,2025-05-04 07:38:00,18.508367191121746,57.96666666666667,0.3192932810429283,0,0,0,5,3,5,13,Low,Normal,"Environmental condition, Habitat factor, Active/risk behavior"
S0874,2025-05-09 06:43:00,Peacock,Running,24.61483,78.53902,23.9,Rainy,Grassland,Evening,PEA_002,24.56098,78.3027,2025-05-06 17:36:00,24.633663466296014,61.11666666666667,0.4030596694785276,0,0,0,5,1,5,11,Low,Normal,"Environmental condition, Habitat factor, Active/risk behavior"
S0527,2025-05-10 05:46:00,Peacock,Playing,24.67103,78.5955,27.0,Rainy,Desert,Afternoon,PEA_002,24.61483,78.53902,2025-05-09 06:43:00,8.463845665282564,23.05,0.3671950397085711,0,0,0,5,1,2,8,Low,Normal,"Environmental condition, Habitat factor, Active/risk behavior"
S0661,2025-05-12 19:14:00,Peacock,Running,24.52147,78.5876,23.4,Sunny,Desert,Afternoon,PEA_002,24.67103,78.5955,2025-05-10 05:46:00,16.649483243373734,61.46666666666667,0.27087011784230586,0,0,0,0,1,5,6,Low,Normal,"Habitat factor, Active/risk behavior"
S0124,2025-05-15 21:08:00,Peacock,Grazing,24.43665,78.35909,24.8,Rainy,Grassland,Morning,PEA_002,24.52147,78.5876,2025-05-12 19:14:00,24.97455778168706,73.9,0.33795071423121864,0,0,0,5,1,1,7,Low,Normal,"Environmental condition, Habitat factor, Active/risk behavior"
S0510,2025-05-18 17:44:00,Peacock,Socializing,24.30095,78.63368,21.2,Cloudy,Grassland,Evening,PEA_002,24.43665,78.35909,2025-05-15 21:08:00,31.64225829060726,68.6,0.46125740948407085,0,0,0,2,1,1,4,Low,Normal,"Environmental condition, Habitat factor, Active/risk behavior"
S0001,2025-05-21 07:09:00,Peacock,Hunting,24.60644,78.3134,30.5,Windy,Grassland,Morning,PEA_002,24.30095,78.63368,2025-05-18 17:44:00,46.95599537234147,61.416666666666664,0.7645480929010823,0,20,0,5,1,5,31,Moderate,Monitor,"Large movement distance, Environmental condition, Habitat factor, Active/risk behavior"
S0523,2025-05-23 14:28:00,Peacock,Playing,24.66361,78.58735,30.1,Foggy,Desert,Morning,PEA_002,24.60644,78.3134,2025-05-21 07:09:00,28.40961516626533,55.31666666666667,0.5135814733280867,0,0,0,8,1,2,11,Low,Normal,"Environmental condition, Habitat factor, Active/risk behavior"
S0094,2025-05-25 16:15:00,Peacock,Hunting,24.59284,78.59915,19.5,Windy,Desert,Afternoon,PEA_002,24.66361,78.58735,2025-05-23 14:28:00,7.959143073370939,49.78333333333333,0.15987565597665093,0,0,0,5,1,5,11,Low,Normal,"Environmental condition, Habitat factor, Active/risk behavior"
S0942,2025-05-28 01:26:00,Peacock,Resting,24.67079,78.36528,26.1,Sunny,Desert,Morning,PEA_002,24.59284,78.59915,2025-05-25 16:15:00,25.177793547343384,57.18333333333333,0.4402995082601583,0,0,0,0,1,0,1,Low,Normal,Habitat factor
S0674,2025-05-30 07:08:00,Peacock,Running,24.66903,78.65994,24.9,Rainy,Savanna,Morning,PEA_002,24.67079,78.36528,2025-05-28 01:26:00,29.77481882319632,53.7,0.554465899873302,0,0,0,5,2,5,12,Low,Normal,"Environmental condition, Habitat factor, Active/risk behavior"
S0894,2025-05-01 10:04:00,Peacock,Playing,24.68355,78.6022,34.5,Foggy,Desert,Afternoon,PEA_003,,,,0.0,,0.0,0,0,0,8,1,2,11,Low,Normal,"Environmental condition, Habitat factor, Active/risk behavior"
S0548,2025-05-04 10:42:00,Peacock,Resting,24.40478,78.66354,21.0,Windy,Desert,Evening,PEA_003,24.68355,78.6022,2025-05-01 10:04:00,31.612632131091154,72.63333333333334,0.4352358714698185,0,0,0,5,1,0,6,Low,Normal,"Environmental condition, Habitat factor"
S0856,2025-05-07 10:36:00,Peacock,Grazing,24.47193,78.43372,34.7,Rainy,Forest,Morning,PEA_003,24.40478,78.66354,2025-05-04 10:42:00,24.434102571023022,71.9,0.33983452810880416,0,0,0,5,3,1,9,Low,Normal,"Environmental condition, Habitat factor, Active/risk behavior"
S0470,2025-05-09 07:47:00,Peacock,Playing,24.55605,78.57719,31.2,Cloudy,Grassland,Afternoon,PEA_003,24.47193,78.43372,2025-05-07 10:36:00,17.267908415338482,45.18333333333333,0.3821742917448576,0,0,0,2,1,2,5,Low,Normal,"Environmental condition, Habitat factor, Active/risk behavior"
S0016,2025-05-10 06:46:00,Peacock,Playing,24.37037,78.56061,31.9,Foggy,Wetland,Afternoon,PEA_003,24.55605,78.57719,2025-05-09 07:47:00,20.714757591822348,22.983333333333334,0.9012947465622486,20,0,0,8,5,2,35,Moderate,Monitor,"High movement speed, Environmental condition, Habitat factor, Active/risk behavior"
S0284,2025-05-12 23:23:00,Peacock,Grazing,24.53863,78.60453,21.7,Cloudy,Grassland,Afternoon,PEA_003,24.37037,78.56061,2025-05-10 06:46:00,19.23055808037986,64.61666666666666,0.2976098748575682,0,0,0,2,1,1,4,Low,Normal,"Environmental condition, Habitat factor, Active/risk behavior"
S0795,2025-05-16 00:41:00,Peacock,Alert,24.64366,78.51435,26.2,Windy,Savanna,Morning,PEA_003,24.53863,78.60453,2025-05-12 23:23:00,14.816662243376149,73.3,0.20213727480731444,0,0,0,5,2,4,11,Low,Normal,"Environmental condition, Habitat factor, Active/risk behavior"
S0573,2025-05-18 20:37:00,Peacock,Running,24.34922,78.31012,20.1,Foggy,Desert,Morning,PEA_003,24.64366,78.51435,2025-05-16 00:41:00,38.71656008462787,67.93333333333334,0.5699199227374073,0,0,0,8,1,5,14,Low,Normal,"Environmental condition, Habitat factor, Active/risk behavior"
S0777,2025-05-21 07:30:00,Peacock,Socializing,24.49601,78.59189,25.6,Sunny,Forest,Evening,PEA_003,24.34922,78.31012,2025-05-18 20:37:00,32.86725437832602,58.88333333333333,0.5581758456551262,0,0,0,0,3,1,4,Low,Normal,"Habitat factor, Active/risk behavior"
S0187,2025-05-23 18:54:00,Peacock,Grazing,24.66979,78.65804,32.4,Cloudy,Savanna,Morning,PEA_003,24.49601,78.59189,2025-05-21 07:30:00,20.448384130712853,59.4,0.34424889108944196,0,0,0,2,2,1,5,Low,Normal,"Environmental condition, Habitat factor, Active/risk behavior"
S0015,2025-05-25 17:32:00,Peacock,Hunting,24.49682,78.59182,24.9,Cloudy,Savanna,Evening,PEA_003,24.66979,78.65804,2025-05-23 18:54:00,20.365611452366654,46.63333333333333,0.4367179010514651,0,0,0,2,2,5,9,Low,Normal,"Environmental condition, Habitat factor, Active/risk behavior"
S0420,2025-05-28 04:30:00,Peacock,Running,24.43042,78.41478,18.5,Rainy,Grassland,Afternoon,PEA_003,24.49682,78.59182,2025-05-25 17:32:00,19.38017077783601,58.96666666666667,0.3286631562097684,0,0,0,5,1,5,11,Low,Normal,"Environmental condition, Habitat factor, Active/risk behavior"
S0067,2025-05-30 07:47:00,Peacock,Hunting,24.4048,78.67859,23.1,Sunny,Savanna,Evening,PEA_003,24.43042,78.41478,2025-05-28 04:30:00,26.86205856325491,51.28333333333333,0.5237970470572944,0,0,0,0,2,5,7,Low,Normal,"Habitat factor, Active/risk behavior"
S0140,2025-05-02 01:52:00,Peacock,Hunting,24.30174,78.32874,25.0,Windy,Savanna,Morning,PEA_004,,,,0.0,,0.0,0,0,0,5,2,5,12,Low,Normal,"Environmental condition, Habitat factor, Active/risk behavior"
S0169,2025-05-05 00:55:00,Peacock,Socializing,24.6147,78.39519,31.4,Sunny,Desert,Afternoon,PEA_004,24.30174,78.32874,2025-05-02 01:52:00,35.44356810388016,71.05,0.49885387901309164,0,0,0,0,1,1,2,Low,Normal,"Habitat factor, Active/risk behavior"
S0180,2025-05-08 06:04:00,Peacock,Hunting,24.46478,78.49965,22.6,Windy,Forest,Afternoon,PEA_004,24.6147,78.39519,2025-05-05 00:55:00,19.736911699081976,77.15,0.255825167842929,0,0,0,5,3,5,13,Low,Normal,"Environmental condition, Habitat factor, Active/risk behavior"
S0148,2025-05-09 11:26:00,Peacock,Playing,24.40872,78.66403,34.6,Sunny,Grassland,Morning,PEA_004,24.46478,78.49965,2025-05-08 06:04:00,17.77005407036646,29.366666666666667,0.6051096732247375,0,0,0,0,1,2,3,Low,Normal,"Habitat factor, Active/risk behavior"
S0582,2025-05-10 10:02:00,Peacock,Running,24.4452,78.31565,26.7,Sunny,Savanna,Night,PEA_004,24.40872,78.66403,2025-05-09 11:26:00,35.503091981845124,22.6,1.57093327353297,20,0,0,0,2,5,27,Moderate,Monitor,"High movement speed, Habitat factor, Active/risk behavior"
S0390,2025-05-13 08:22:00,Peacock,Socializing,24.46926,78.61366,28.7,Windy,Grassland,Afternoon,PEA_004,24.4452,78.31565,2025-05-10 10:02:00,30.28222339928853,70.33333333333333,0.4305529393263772,0,0,0,5,1,1,7,Low,Normal,"Environmental condition, Habitat factor, Active/risk behavior"
S0122,2025-05-16 10:27:00,Peacock,Socializing,24.56162,78.37358,26.5,Windy,Wetland,Afternoon,PEA_004,24.46926,78.61366,2025-05-13 08:22:00,26.371000928798196,74.08333333333333,0.3559640170366461,0,0,0,5,5,1,11,Low,Normal,"Environmental condition, Habitat factor, Active/risk behavior"
S0397,2025-05-18 21:31:00,Peacock,Socializing,24.55451,78.45525,31.2,Rainy,Savanna,Evening,PEA_004,24.56162,78.37358,2025-05-16 10:27:00,8.297551111698466,59.06666666666667,0.14047772762469185,0,0,0,5,2,1,8,Low,Normal,"Environmental condition, Habitat factor, Active/risk behavior"
S0794,2025-05-21 12:03:00,Peacock,Socializing,24.62925,78.58814,27.9,Sunny,Desert,Evening,PEA_004,24.55451,78.45525,2025-05-18 21:31:00,15.798860842466254,62.53333333333333,0.252647028397648,0,0,0,0,1,1,2,Low,Normal,"Habitat factor, Active/risk behavior"
S0708,2025-05-23 21:01:00,Peacock,Socializing,24.42611,78.66051,30.4,Foggy,Grassland,Evening,PEA_004,24.62925,78.58814,2025-05-21 12:03:00,23.744915053638845,56.96666666666667,0.41682121217622314,0,0,0,8,1,1,10,Low,Normal,"Environmental condition, Habitat factor, Active/risk behavior"
S0990,2025-05-25 23:52:00,Peacock,Alert,24.47511,78.69983,31.0,Rainy,Desert,Morning,PEA_004,24.42611,78.66051,2025-05-23 21:01:00,6.7474252763477605,50.85,0.13269272913171604,0,0,0,5,1,4,10,Low,Normal,"Environmental condition, Habitat factor, Active/risk behavior"
S0224,2025-05-28 06:05:00,Peacock,Resting,24.38024,78.42461,33.8,Cloudy,Wetland,Afternoon,PEA_004,24.47511,78.69983,2025-05-25 23:52:00,29.793667283092994,54.21666666666667,0.5495296762943681,0,0,0,2,5,0,7,Low,Normal,"Environmental condition, Habitat factor"
S0488,2025-05-30 16:58:00,Peacock,Resting,24.65645,78.33554,33.0,Cloudy,Wetland,Night,PEA_004,24.38024,78.42461,2025-05-28 06:05:00,32.007758278143086,58.88333333333333,0.5435792518224131,0,0,0,2,5,0,7,Low,Normal,"Environmental condition, Habitat factor"
S0267,2025-05-02 08:29:00,Peacock,Running,24.41217,78.66956,21.5,Sunny,Grassland,Afternoon,PEA_005,,,,0.0,,0.0,0,0,0,0,1,5,6,Low,Normal,"Habitat factor, Active/risk behavior"
S0706,2025-05-05 01:16:00,Peacock,Running,24.61352,78.38266,31.5,Foggy,Forest,Morning,PEA_005,24.41217,78.66956,2025-05-02 08:29:00,36.65794989114866,64.78333333333333,0.5658546420038384,0,0,0,8,3,5,16,Low,Normal,"Environmental condition, Habitat factor, Active/risk behavior"
S0822,2025-05-08 11:42:00,Peacock,Running,24.42248,78.66956,20.4,Windy,Grassland,Morning,PEA_005,24.61352,78.38266,2025-05-05 01:16:00,35.96826327819506,82.43333333333334,0.4363315399700169,0,0,0,5,1,5,11,Low,Normal,"Environmental condition, Habitat factor, Active/risk behavior"
S0053,2025-05-09 12:08:00,Peacock,Socializing,24.4158,78.56894,21.5,Windy,Wetland,Evening,PEA_005,24.42248,78.66956,2025-05-08 11:42:00,10.214621229774222,24.433333333333334,0.4180608961708413,0,0,0,5,5,1,11,Low,Normal,"Environmental condition, Habitat factor, Active/risk behavior"
S0033,2025-05-11 07:30:00,Peacock,Hunting,24.53719,78.69222,24.4,Windy,Savanna,Evening,PEA_005,24.4158,78.56894,2025-05-09 12:08:00,18.380688042659386,43.36666666666667,0.4238436904533294,0,0,0,5,2,5,12,Low,Normal,"Environmental condition, Habitat factor, Active/risk behavior"
S0719,2025-05-13 21:08:00,Peacock,Socializing,24.66876,78.66341,29.9,Rainy,Desert,Evening,PEA_005,24.53719,78.69222,2025-05-11 07:30:00,14.917044815775679,61.63333333333333,0.2420288504452517,0,0,0,5,1,1,7,Low,Normal,"Environmental condition, Habitat factor, Active/risk behavior"
S0525,2025-05-16 14:33:00,Peacock,Grazing,24.539,78.41499,20.9,Foggy,Savanna,Evening,PEA_005,24.66876,78.66341,2025-05-13 21:08:00,28.964688541972965,65.41666666666667,0.4427723089218797,0,0,0,8,2,1,11,Low,Normal,"Environmental condition, Habitat factor, Active/risk behavior"
S0833,2025-05-19 04:03:00,Peacock,Socializing,24.40015,78.38594,23.9,Foggy,Forest,Morning,PEA_005,24.539,78.41499,2025-05-16 14:33:00,15.716857583523439,61.5,0.25555865989469007,0,0,0,8,3,1,12,Low,Normal,"Environmental condition, Habitat factor, Active/risk behavior"
S0828,2025-05-21 19:39:00,Peacock,Running,24.30905,78.49304,21.5,Windy,Savanna,Night,PEA_005,24.40015,78.38594,2025-05-19 04:03:00,14.843154265754688,63.6,0.23338292870683472,0,0,0,5,2,5,12,Low,Normal,"Environmental condition, Habitat factor, Active/risk behavior"
S0608,2025-05-23 23:29:00,Peacock,Resting,24.65046,78.38812,25.5,Foggy,Savanna,Evening,PEA_005,24.30905,78.49304,2025-05-21 19:39:00,39.41994214290814,51.833333333333336,0.7605133532393853,0,20,0,8,2,0,30,Moderate,Monitor,"Large movement distance, Environmental condition, Habitat factor"
S0242,2025-05-26 02:09:00,Peacock,Resting,24.30559,78.42599,28.6,Foggy,Wetland,Evening,PEA_005,24.65046,78.38812,2025-05-23 23:29:00,38.53882595217286,50.666666666666664,0.7606347227402538,0,0,0,8,5,0,13,Low,Normal,"Environmental condition, Habitat factor"
S0724,2025-05-28 06:26:00,Peacock,Grazing,24.4755,78.53172,27.8,Windy,Desert,Morning,PEA_005,24.30559,78.42599,2025-05-26 02:09:00,21.716312417124687,52.28333333333333,0.41535822283311485,0,0,0,5,1,1,7,Low,Normal,"Environmental condition, Habitat factor, Active/risk behavior"
S0231,2025-05-02 12:10:00,Peacock,Running,24.47823,78.43471,34.8,Sunny,Desert,Morning,PEA_006,,,,0.0,,0.0,0,0,0,0,1,5,6,Low,Normal,"Habitat factor, Active/risk behavior"
S0915,2025-05-05 12:49:00,Peacock,Resting,24.40902,78.44097,34.5,Rainy,Grassland,Morning,PEA_006,24.47823,78.43471,2025-05-02 12:10:00,7.721846523297821,72.65,0.10628832103644625,0,0,0,5,1,0,6,Low,Normal,"Environmental condition, Habitat factor"
S0477,2025-05-08 12:31:00,Peacock,Grazing,24.64337,78.44353,29.7,Foggy,Desert,Night,PEA_006,24.40902,78.44097,2025-05-05 12:49:00,26.05981789448677,71.7,0.3634563165200386,0,0,0,8,1,1,10,Low,Normal,"Environmental condition, Habitat factor, Active/risk behavior"
S0513,2025-05-09 13:14:00,Peacock,Grazing,24.30641,78.3146,34.4,Rainy,Desert,Morning,PEA_006,24.64337,78.44353,2025-05-08 12:31:00,39.675210149993305,24.716666666666665,1.6052006803773422,20,20,0,5,1,1,47,Moderate,Monitor,"High movement speed, Large movement distance, Environmental condition, Habitat factor, Active/risk behavior"
S0830,2025-05-11 21:39:00,Peacock,Playing,24.54295,78.55925,24.9,Cloudy,Desert,Afternoon,PEA_006,24.30641,78.3146,2025-05-09 13:14:00,36.1290994319915,56.416666666666664,0.6403976265641034,0,0,0,2,1,2,5,Low,Normal,"Environmental condition, Habitat factor, Active/risk behavior"
S0406,2025-05-14 09:08:00,Peacock,Alert,24.36499,78.55256,27.2,Windy,Wetland,Afternoon,PEA_006,24.54295,78.55925,2025-05-11 21:39:00,19.799832134762248,59.483333333333334,0.3328635270624082,0,0,0,5,5,4,14,Low,Normal,"Environmental condition, Habitat factor, Active/risk behavior"
S0057,2025-05-16 20:17:00,Peacock,Playing,24.68794,78.30306,22.6,Rainy,Desert,Evening,PEA_006,24.36499,78.55256,2025-05-14 09:08:00,43.89310426055109,59.15,0.7420643154784631,0,20,0,5,1,2,28,Moderate,Monitor,"Large movement distance, Environmental condition, Habitat factor, Active/risk behavior"
S0103,2025-05-19 09:44:00,Peacock,Playing,24.31269,78.50112,22.1,Cloudy,Grassland,Morning,PEA_006,24.68794,78.30306,2025-05-16 20:17:00,46.288880278332904,61.45,0.7532771404122522,0,20,0,2,1,2,25,Moderate,Monitor,"Large movement distance, Environmental condition, Habitat factor, Active/risk behavior"
S0962,2025-05-22 01:50:00,Peacock,Hunting,24.37822,78.32044,23.0,Windy,Wetland,Morning,PEA_006,24.31269,78.50112,2025-05-19 09:44:00,19.701190841074887,64.1,0.3073508711556145,0,0,0,5,5,5,15,Low,Normal,"Environmental condition, Habitat factor, Active/risk behavior"
S0196,2025-05-23 23:41:00,Peacock,Running,24.61757,78.63793,18.5,Foggy,Wetland,Afternoon,PEA_006,24.37822,78.32044,2025-05-22 01:50:00,41.717555911122425,45.85,0.9098703579306963,20,20,0,8,5,5,58,High,High Priority,"High movement speed, Large movement distance, Environmental condition, Habitat factor, Active/risk behavior"
S0176,2025-05-26 06:08:00,Peacock,Hunting,24.3841,78.52723,28.8,Cloudy,Forest,Afternoon,PEA_006,24.61757,78.63793,2025-05-23 23:41:00,28.273955843592457,54.45,0.5192645701302563,0,0,0,2,3,5,10,Low,Normal,"Environmental condition, Habitat factor, Active/risk behavior"
S0559,2025-05-28 09:28:00,Peacock,Running,24.6501,78.3544,21.7,Sunny,Wetland,Night,PEA_006,24.3841,78.52723,2025-05-26 06:08:00,34.359521903888364,51.333333333333336,0.6693413357900331,0,0,0,0,5,5,10,Low,Normal,"Habitat factor, Active/risk behavior"
S0321,2025-05-03 08:34:00,Peacock,Resting,24.31192,78.56582,31.5,Cloudy,Grassland,Night,PEA_007,,,,0.0,,0.0,0,0,0,2,1,0,3,Low,Normal,"Environmental condition, Habitat factor"
S0353,2025-05-05 14:28:00,Peacock,Resting,24.3466,78.69576,25.2,Foggy,Savanna,Night,PEA_007,24.31192,78.56582,2025-05-03 08:34:00,13.718660230356601,53.9,0.2545205979657997,0,0,0,8,2,0,10,Low,Normal,"Environmental condition, Habitat factor"
S0075,2025-05-08 18:10:00,Peacock,Alert,24.40545,78.50248,19.0,Cloudy,Grassland,Morning,PEA_007,24.3466,78.69576,2025-05-05 14:28:00,20.6406757356751,75.7,0.2726641444607014,0,0,0,2,1,4,7,Low,Normal,"Environmental condition, Habitat factor, Active/risk behavior"
S0902,2025-05-09 19:43:00,Peacock,Socializing,24.37805,78.64324,31.8,Windy,Savanna,Morning,PEA_007,24.40545,78.50248,2025-05-08 18:10:00,14.576728098315069,25.55,0.5705177337892395,0,0,0,5,2,1,8,Low,Normal,"Environmental condition, Habitat factor, Active/risk behavior"
S0950,2025-05-12 00:31:00,Peacock,Hunting,24.59602,78.46249,19.5,Foggy,Forest,Afternoon,PEA_007,24.37805,78.64324,2025-05-09 19:43:00,30.364285185891482,52.8,0.5750811588237024,0,0,0,8,3,5,16,Low,Normal,"Environmental condition, Habitat factor, Active/risk behavior"
S0916,2025-05-14 15:47:00,Peacock,Playing,24.57971,78.47269,22.4,Cloudy,Grassland,Night,PEA_007,24.59602,78.46249,2025-05-12 00:31:00,2.086331288388649,63.266666666666666,0.032976785380221,0,0,0,2,1,2,5,Low,Normal,"Environmental condition, Habitat factor, Active/risk behavior"
S0638,2025-05-17 11:47:00,Peacock,Socializing,24.34957,78.50319,25.2,Foggy,Desert,Night,PEA_007,24.57971,78.47269,2025-05-14 15:47:00,25.77591590149574,68.0,0.37905758678670204,0,0,0,8,1,1,10,Low,Normal,"Environmental condition, Habitat factor, Active/risk behavior"
S0385,2025-05-19 14:15:00,Peacock,Grazing,24.64838,78.3532,18.6,Cloudy,Grassland,Night,PEA_007,24.34957,78.50319,2025-05-17 11:47:00,36.52813922425579,50.46666666666667,0.7238072501503788,0,0,0,2,1,1,4,Low,Normal,"Environmental condition, Habitat factor, Active/risk behavior"
S0136,2025-05-22 09:46:00,Peacock,Grazing,24.42326,78.46381,28.6,Windy,Forest,Afternoon,PEA_007,24.64838,78.3532,2025-05-19 14:15:00,27.418920160927236,67.51666666666667,0.4061059515318771,0,0,0,5,3,1,9,Low,Normal,"Environmental condition, Habitat factor, Active/risk behavior"
S0812,2025-05-24 00:22:00,Peacock,Grazing,24.3411,78.52972,20.4,Foggy,Wetland,Evening,PEA_007,24.42326,78.46381,2025-05-22 09:46:00,11.314629142798822,38.6,0.29312510732639435,0,0,0,8,5,1,14,Low,Normal,"Environmental condition, Habitat factor, Active/risk behavior"
S0177,2025-05-26 11:28:00,Peacock,Hunting,24.38538,78.56061,18.8,Rainy,Wetland,Evening,PEA_007,24.3411,78.52972,2025-05-24 00:22:00,5.8337959010417,59.1,0.09871059054216075,0,0,0,5,5,5,15,Low,Normal,"Environmental condition, Habitat factor, Active/risk behavior"
S0244,2025-05-28 10:28:00,Peacock,Hunting,24.38219,78.57596,25.9,Windy,Forest,Evening,PEA_007,24.38538,78.56061,2025-05-26 11:28:00,1.5945466418772607,47.0,0.033926524295260864,0,0,0,5,3,5,13,Low,Normal,"Environmental condition, Habitat factor, Active/risk behavior"
S0476,2025-05-03 08:41:00,Peacock,Running,24.53108,78.37289,26.0,Sunny,Wetland,Afternoon,PEA_008,,,,0.0,,0.0,0,0,0,0,5,5,10,Low,Normal,"Habitat factor, Active/risk behavior"
S0944,2025-05-05 19:26:00,Peacock,Alert,24.41922,78.68021,21.9,Sunny,Forest,Morning,PEA_008,24.53108,78.37289,2025-05-03 08:41:00,33.49667019089016,58.75,0.5701560883555772,0,0,0,0,3,4,7,Low,Normal,"Habitat factor, Active/risk behavior"
S0564,2025-05-08 19:06:00,Peacock,Running,24.66669,78.52551,33.8,Cloudy,Grassland,Evening,PEA_008,24.41922,78.68021,2025-05-05 19:26:00,31.65527899743245,71.66666666666667,0.44170156740603417,0,0,0,2,1,5,8,Low,Normal,"Environmental condition, Habitat factor, Active/risk behavior"
S0546,2025-05-09 20:54:00,Peacock,Alert,24.30423,78.50629,21.8,Foggy,Grassland,Evening,PEA_008,24.66669,78.52551,2025-05-08 19:06:00,40.35061527962408,25.8,1.563977336419538,20,20,0,8,1,4,53,High,High Priority,"High movement speed, Large movement distance, Environmental condition, Habitat factor, Active/risk behavior"
S0679,2025-05-12 06:08:00,Peacock,Resting,24.43118,78.65053,30.3,Sunny,Desert,Afternoon,PEA_008,24.30423,78.50629,2025-05-09 20:54:00,20.31546010817451,57.233333333333334,0.3549585342138819,0,0,0,0,1,0,1,Low,Normal,Habitat factor
S0416,2025-05-14 19:40:00,Peacock,Grazing,24.56856,78.69188,18.1,Cloudy,Forest,Night,PEA_008,24.43118,78.65053,2025-05-12 06:08:00,15.838564801013534,61.53333333333333,0.2573981278604583,0,0,0,2,3,1,6,Low,Normal,"Environmental condition, Habitat factor, Active/risk behavior"
S0669,2025-05-17 13:27:00,Peacock,Socializing,24.40829,78.39934,31.1,Cloudy,Desert,Morning,PEA_008,24.56856,78.69188,2025-05-14 19:40:00,34.55316722580389,65.78333333333333,0.5252571658343637,0,0,0,2,1,1,4,Low,Normal,"Environmental condition, Habitat factor, Active/risk behavior"
S0907,2025-05-19 18:24:00,Peacock,Alert,24.45687,78.63745,24.5,Windy,Grassland,Night,PEA_008,24.40829,78.39934,2025-05-17 13:27:00,24.703440986549605,52.95,0.46654279483568656,0,0,0,5,1,4,10,Low,Normal,"Environmental condition, Habitat factor, Active/risk behavior"
S0429,2025-05-22 15:26:00,Peacock,Resting,24.49939,78.63334,32.4,Foggy,Forest,Morning,PEA_008,24.45687,78.63745,2025-05-19 18:24:00,4.746268430293719,69.03333333333333,0.06875328484249714,0,0,0,8,3,0,11,Low,Normal,"Environmental condition, Habitat factor"
S0647,2025-05-24 15:59:00,Peacock,Socializing,24.65633,78.69248,22.9,Rainy,Grassland,Morning,PEA_008,24.49939,78.63334,2025-05-22 15:26:00,18.447179807902664,48.55,0.37996250891663574,0,0,0,5,1,1,7,Low,Normal,"Environmental condition, Habitat factor, Active/risk behavior"
S0437,2025-05-26 17:42:00,Peacock,Playing,24.44266,78.54286,24.9,Cloudy,Forest,Night,PEA_008,24.65633,78.69248,2025-05-24 15:59:00,28.169126166083217,49.71666666666667,0.566593218224939,0,0,0,2,3,2,7,Low,Normal,"Environmental condition, Habitat factor, Active/risk behavior"
S0095,2025-05-28 11:10:00,Peacock,Resting,24.63114,78.64416,23.3,Rainy,Savanna,Afternoon,PEA_008,24.44266,78.54286,2025-05-26 17:42:00,23.328867660923667,41.46666666666667,0.5625932715656833,0,0,0,5,2,0,7,Low,Normal,"Environmental condition, Habitat factor"
S0422,2025-05-03 09:32:00,Peacock,Hunting,24.59246,78.61484,28.2,Sunny,Desert,Evening,PEA_009,,,,0.0,,0.0,0,0,0,0,1,5,6,Low,Normal,"Habitat factor, Active/risk behavior"
S0031,2025-05-05 21:37:00,Peacock,Hunting,24.69148,78.35495,34.6,Cloudy,Savanna,Night,PEA_009,24.59246,78.61484,2025-05-03 09:32:00,28.48105246393237,60.083333333333336,0.47402583851205055,0,0,0,2,2,5,9,Low,Normal,"Environmental condition, Habitat factor, Active/risk behavior"
S0619,2025-05-08 20:39:00,Peacock,Running,24.57586,78.37844,21.7,Cloudy,Desert,Night,PEA_009,24.69148,78.35495,2025-05-05 21:37:00,13.073753066777673,71.03333333333333,0.1840509582371329,0,0,0,2,1,5,8,Low,Normal,"Environmental condition, Habitat factor, Active/risk behavior"
S0850,2025-05-09 21:50:00,Peacock,Hunting,24.43823,78.41006,21.4,Sunny,Wetland,Night,PEA_009,24.57586,78.37844,2025-05-08 20:39:00,15.634579088866445,25.183333333333334,0.620830407234935,0,0,0,0,5,5,10,Low,Normal,"Habitat factor, Active/risk behavior"
S0292,2025-05-12 07:10:00,Peacock,Grazing,24.57517,78.38208,34.2,Cloudy,Grassland,Afternoon,PEA_009,24.43823,78.41006,2025-05-09 21:50:00,15.48795733641398,57.333333333333336,0.2701387907514066,0,0,0,2,1,1,4,Low,Normal,"Environmental condition, Habitat factor, Active/risk behavior"
S0598,2025-05-15 03:36:00,Peacock,Resting,24.68773,78.52169,29.2,Sunny,Desert,Morning,PEA_009,24.57517,78.38208,2025-05-12 07:10:00,18.8622166633104,68.43333333333334,0.27562907934696146,0,0,0,0,1,0,1,Low,Normal,Habitat factor
S0889,2025-05-17 13:28:00,Peacock,Socializing,24.67449,78.34132,25.6,Sunny,Desert,Afternoon,PEA_009,24.68773,78.52169,2025-05-15 03:36:00,18.283378457729885,57.86666666666667,0.31595700099763624,0,0,0,0,1,1,2,Low,Normal,"Habitat factor, Active/risk behavior"
S0572,2025-05-19 22:15:00,Peacock,Socializing,24.32764,78.413,30.0,Foggy,Wetland,Night,PEA_009,24.67449,78.34132,2025-05-17 13:28:00,39.24397481915485,56.78333333333333,0.6911178424271474,0,0,0,8,5,1,14,Low,Normal,"Environmental condition, Habitat factor, Active/risk behavior"
S0440,2025-05-22 17:53:00,Peacock,Alert,24.56716,78.47377,28.1,Foggy,Wetland,Night,PEA_009,24.32764,78.413,2025-05-19 22:15:00,27.334573423763057,67.63333333333334,0.40415830592059715,0,0,0,8,5,4,17,Low,Normal,"Environmental condition, Habitat factor, Active/risk behavior"
S0216,2025-05-24 22:59:00,Peacock,Alert,24.32127,78.40929,29.0,Foggy,Forest,Night,PEA_009,24.56716,78.47377,2025-05-22 17:53:00,28.110026824445704,53.1,0.5293790362419153,0,0,0,8,3,4,15,Low,Normal,"Environmental condition, Habitat factor, Active/risk behavior"
S0025,2025-05-26 19:39:00,Peacock,Hunting,24.45445,78.35674,30.2,Rainy,Grassland,Morning,PEA_009,24.32127,78.40929,2025-05-24 22:59:00,15.736179524787737,44.666666666666664,0.35230252667435236,0,0,0,5,1,5,11,Low,Normal,"Environmental condition, Habitat factor, Active/risk behavior"
S0270,2025-05-29 02:17:00,Peacock,Playing,24.51198,78.39929,32.4,Rainy,Savanna,Night,PEA_009,24.45445,78.35674,2025-05-26 19:39:00,7.711230174545213,54.63333333333333,0.14114515267623942,0,0,0,5,2,2,9,Low,Normal,"Environmental condition, Habitat factor, Active/risk behavior"
S0452,2025-05-03 17:23:00,Peacock,Resting,24.49485,78.47198,34.0,Windy,Grassland,Afternoon,PEA_010,,,,0.0,,0.0,0,0,0,5,1,0,6,Low,Normal,"Environmental condition, Habitat factor"
S0043,2025-05-06 05:03:00,Peacock,Playing,24.51467,78.565,24.3,Foggy,Wetland,Morning,PEA_010,24.49485,78.47198,2025-05-03 17:23:00,9.666285249501772,59.666666666666664,0.1620047807179068,0,0,0,8,5,2,15,Low,Normal,"Environmental condition, Habitat factor, Active/risk behavior"
S0461,2025-05-09 00:36:00,Peacock,Grazing,24.3315,78.60227,23.8,Windy,Desert,Afternoon,PEA_010,24.51467,78.565,2025-05-06 05:03:00,20.714164343219608,67.55,0.30664936111353974,0,0,0,5,1,1,7,Low,Normal,"Environmental condition, Habitat factor, Active/risk behavior"
S0035,2025-05-10 01:19:00,Peacock,Running,24.47112,78.56883,27.6,Cloudy,Grassland,Night,PEA_010,24.3315,78.60227,2025-05-09 00:36:00,15.890033414392413,24.716666666666665,0.6428873937043458,0,0,0,2,1,5,8,Low,Normal,"Environmental condition, Habitat factor, Active/risk behavior"
S0539,2025-05-12 11:44:00,Peacock,Grazing,24.64264,78.67095,21.5,Rainy,Grassland,Evening,PEA_010,24.47112,78.56883,2025-05-10 01:19:00,21.68910576554891,58.416666666666664,0.37128283764135084,0,0,0,5,1,1,7,Low,Normal,"Environmental condition, Habitat factor, Active/risk behavior"
S0303,2025-05-15 05:33:00,Peacock,Hunting,24.62301,78.33518,25.3,Rainy,Grassland,Night,PEA_010,24.64264,78.67095,2025-05-12 11:44:00,34.00836874247847,65.81666666666666,0.5167136299186397,0,0,0,5,1,5,11,Low,Normal,"Environmental condition, Habitat factor, Active/risk behavior"
S0606,2025-05-18 04:21:00,Peacock,Running,24.57451,78.67115,30.8,Cloudy,Forest,Evening,PEA_010,24.62301,78.33518,2025-05-15 05:33:00,34.393161397912614,70.8,0.4857791157897262,0,0,0,2,3,5,10,Low,Normal,"Environmental condition, Habitat factor, Active/risk behavior"
S0815,2025-05-20 01:53:00,Peacock,Resting,24.35605,78.48675,30.1,Sunny,Savanna,Afternoon,PEA_010,24.57451,78.67115,2025-05-18 04:21:00,30.633352797359343,45.53333333333333,0.6727676309815376,0,0,0,0,2,0,2,Low,Normal,Habitat factor
S0070,2025-05-22 21:55:00,Peacock,Playing,24.53171,78.40873,34.2,Foggy,Wetland,Morning,PEA_010,24.35605,78.48675,2025-05-20 01:53:00,21.06879507890872,68.03333333333333,0.3096834161525045,0,0,0,8,5,2,15,Low,Normal,"Environmental condition, Habitat factor, Active/risk behavior"
S0725,2025-05-24 23:52:00,Peacock,Playing,24.6434,78.6742,30.8,Cloudy,Forest,Night,PEA_010,24.53171,78.40873,2025-05-22 21:55:00,29.576186826884772,49.95,0.5921158523900855,0,0,0,2,3,2,7,Low,Normal,"Environmental condition, Habitat factor, Active/risk behavior"
S0583,2025-05-26 20:17:00,Peacock,Hunting,24.46194,78.63189,29.2,Sunny,Grassland,Morning,PEA_010,24.6434,78.6742,2025-05-24 23:52:00,20.626215952034347,44.416666666666664,0.4643800964810735,0,0,0,0,1,5,6,Low,Normal,"Habitat factor, Active/risk behavior"
S0111,2025-05-29 23:45:00,Peacock,Playing,24.63927,78.54521,29.2,Sunny,Savanna,Evening,PEA_010,24.46194,78.63189,2025-05-26 20:17:00,21.57933559376494,75.46666666666667,0.28594525963469447,0,0,0,0,2,2,4,Low,Normal,"Habitat factor, Active/risk behavior"
S0629,2025-05-01 14:14:00,Rabbit,Resting,24.35247,78.43651,19.9,Rainy,Forest,Evening,RAB_001,,,,0.0,,0.0,0,0,0,5,3,0,8,Low,Normal,"Environmental condition, Habitat factor"
S0294,2025-05-06 07:04:00,Rabbit,Running,24.46954,78.65172,32.4,Cloudy,Grassland,Afternoon,RAB_001,24.35247,78.43651,2025-05-01 14:14:00,25.383161174444663,112.83333333333333,0.22496154659773704,0,0,0,2,1,5,8,Low,Normal,"Environmental condition, Habitat factor, Active/risk behavior"
S0099,2025-05-09 00:36:00,Rabbit,Playing,24.4564,78.69343,23.2,Rainy,Savanna,Afternoon,RAB_001,24.46954,78.65172,2025-05-06 07:04:00,4.4672837944330395,65.53333333333333,0.06816811486927324,0,0,0,5,2,2,9,Low,Normal,"Environmental condition, Habitat factor, Active/risk behavior"
S0622,2025-05-12 00:53:00,Rabbit,Alert,24.51086,78.43509,26.6,Cloudy,Wetland,Morning,RAB_001,24.4564,78.69343,2025-05-09 00:36:00,26.835226637540977,72.28333333333333,0.3712505414462667,0,0,0,2,5,4,11,Low,Normal,"Environmental condition, Habitat factor, Active/risk behavior"
S0271,2025-05-14 10:16:00,Rabbit,Socializing,24.37101,78.61913,28.9,Foggy,Savanna,Night,RAB_001,24.51086,78.43509,2025-05-12 00:53:00,24.26758422080056,57.38333333333333,0.4229030070427051,0,0,0,8,2,1,11,Low,Normal,"Environmental condition, Habitat factor, Active/risk behavior"
S0250,2025-05-16 08:28:00,Rabbit,Grazing,24.48735,78.46458,23.0,Sunny,Grassland,Night,RAB_001,24.37101,78.61913,2025-05-14 10:16:00,20.301924230916967,46.2,0.43943558941378713,0,0,0,0,1,1,2,Low,Normal,"Habitat factor, Active/risk behavior"
S0037,2025-05-18 07:32:00,Rabbit,Alert,24.31833,78.50421,30.9,Windy,Grassland,Afternoon,RAB_001,24.48735,78.46458,2025-05-16 08:28:00,19.217821709690202,47.06666666666667,0.4083106595543244,0,0,0,5,1,4,10,Low,Normal,"Environmental condition, Habitat factor, Active/risk behavior"
S0554,2025-05-21 08:01:00,Rabbit,Socializing,24.32764,78.46153,29.8,Rainy,Desert,Morning,RAB_001,24.31833,78.50421,2025-05-18 07:32:00,4.446734986181127,72.48333333333333,0.06134837874703786,0,0,0,5,1,1,7,Low,Normal,"Environmental condition, Habitat factor, Active/risk behavior"
S0750,2025-05-24 08:02:00,Rabbit,Resting,24.30898,78.6644,32.5,Foggy,Forest,Evening,RAB_001,24.32764,78.46153,2025-05-21 08:01:00,20.661020658276303,72.01666666666667,0.2868922100200366,0,0,0,8,3,0,11,Low,Normal,"Environmental condition, Habitat factor"
S0220,2025-05-28 00:25:00,Rabbit,Grazing,24.48672,78.59397,23.5,Windy,Forest,Afternoon,RAB_001,24.30898,78.6644,2025-05-24 08:02:00,21.011284385339028,88.38333333333334,0.2377290332114542,0,0,0,5,3,1,9,Low,Normal,"Environmental condition, Habitat factor, Active/risk behavior"
S0702,2025-05-02 00:37:00,Rabbit,Alert,24.50227,78.38506,21.7,Windy,Forest,Afternoon,RAB_002,,,,0.0,,0.0,0,0,0,5,3,4,12,Low,Normal,"Environmental condition, Habitat factor, Active/risk behavior"
S0395,2025-05-06 20:49:00,Rabbit,Socializing,24.46505,78.44438,30.5,Rainy,Wetland,Night,RAB_002,24.50227,78.38506,2025-05-02 00:37:00,7.2913755753201865,116.2,0.06274849892702399,0,0,0,5,5,1,11,Low,Normal,"Environmental condition, Habitat factor, Active/risk behavior"
S0550,2025-05-09 15:02:00,Rabbit,Running,24.6419,78.57637,29.8,Rainy,Savanna,Night,RAB_002,24.46505,78.44438,2025-05-06 20:49:00,23.76790501048708,66.21666666666667,0.3589414298085137,0,0,0,5,2,5,12,Low,Normal,"Environmental condition, Habitat factor, Active/risk behavior"
S0441,2025-05-12 02:34:00,Rabbit,Socializing,24.34802,78.41717,25.3,Cloudy,Wetland,Morning,RAB_002,24.6419,78.57637,2025-05-09 15:02:00,36.432788182243335,59.53333333333333,0.6119729257935611,0,0,0,2,5,1,8,Low,Normal,"Environmental condition, Habitat factor, Active/risk behavior"
S0362,2025-05-14 10:44:00,Rabbit,Hunting,24.59131,78.54111,27.7,Rainy,Wetland,Night,RAB_002,24.34802,78.41717,2025-05-12 02:34:00,29.819235155999774,56.166666666666664,0.5309062639050405,0,0,0,5,5,5,15,Low,Normal,"Environmental condition, Habitat factor, Active/risk behavior"
S0258,2025-05-16 12:56:00,Rabbit,Alert,24.51354,78.67266,32.9,Rainy,Grassland,Morning,RAB_002,24.59131,78.54111,2025-05-14 10:44:00,15.868413089952035,50.2,0.3161038464133871,0,0,0,5,1,4,10,Low,Normal,"Environmental condition, Habitat factor, Active/risk behavior"
S0236,2025-05-18 18:34:00,Rabbit,Resting,24.54008,78.6369,30.0,Rainy,Desert,Morning,RAB_002,24.51354,78.67266,2025-05-16 12:56:00,4.668578790098996,53.63333333333333,0.08704621734180851,0,0,0,5,1,0,6,Low,Normal,"Environmental condition, Habitat factor"
S0602,2025-05-21 13:06:00,Rabbit,Running,24.54651,78.60682,34.0,Cloudy,Wetland,Night,RAB_002,24.54008,78.6369,2025-05-18 18:34:00,3.1254181333697417,66.53333333333333,0.046975222445437004,0,0,0,2,5,5,12,Low,Normal,"Environmental condition, Habitat factor, Active/risk behavior"
S0929,2025-05-24 09:02:00,Rabbit,Hunting,24.30775,78.6836,34.3,Rainy,Wetland,Morning,RAB_002,24.54651,78.60682,2025-05-21 13:06:00,27.663490259509903,67.93333333333334,0.4072152638789485,0,0,0,5,5,5,15,Low,Normal,"Environmental condition, Habitat factor, Active/risk behavior"
S0624,2025-05-28 14:21:00,Rabbit,Running,24.40726,78.38777,29.0,Sunny,Grassland,Afternoon,RAB_002,24.30775,78.6836,2025-05-24 09:02:00,31.94439156688134,101.31666666666666,0.31529256358165497,0,0,0,0,1,5,6,Low,Normal,"Habitat factor, Active/risk behavior"
S0365,2025-05-02 09:41:00,Rabbit,Hunting,24.31754,78.45365,27.2,Rainy,Forest,Evening,RAB_003,,,,0.0,,0.0,0,0,0,5,3,5,13,Low,Normal,"Environmental condition, Habitat factor, Active/risk behavior"
S0601,2025-05-07 08:46:00,Rabbit,Running,24.54222,78.68328,23.8,Sunny,Grassland,Afternoon,RAB_003,24.31754,78.45365,2025-05-02 09:41:00,34.12644525211745,119.08333333333333,0.2865761672676063,0,0,0,0,1,5,6,Low,Normal,"Habitat factor, Active/risk behavior"
S0879,2025-05-09 21:48:00,Rabbit,Socializing,24.55763,78.41095,19.5,Foggy,Forest,Morning,RAB_003,24.54222,78.68328,2025-05-07 08:46:00,27.597477054343866,61.03333333333333,0.4521705688860273,0,0,0,8,3,1,12,Low,Normal,"Environmental condition, Habitat factor, Active/risk behavior"
S0089,2025-05-12 02:56:00,Rabbit,Playing,24.53624,78.4819,34.5,Rainy,Wetland,Afternoon,RAB_003,24.55763,78.41095,2025-05-09 21:48:00,7.560140870885493,53.13333333333333,0.14228621463398042,0,0,0,5,5,2,12,Low,Normal,"Environmental condition, Habitat factor, Active/risk behavior"
S0112,2025-05-14 15:13:00,Rabbit,Running,24.33713,78.36484,27.7,Rainy,Grassland,Afternoon,RAB_003,24.53624,78.4819,2025-05-12 02:56:00,25.112018302878877,60.28333333333333,0.41656651870963024,0,0,0,5,1,5,11,Low,Normal,"Environmental condition, Habitat factor, Active/risk behavior"
S0178,2025-05-17 01:12:00,Rabbit,Playing,24.47433,78.64383,27.1,Sunny,Desert,Night,RAB_003,24.33713,78.36484,2025-05-14 15:13:00,32.10633046475433,57.983333333333334,0.5537165357531646,0,0,0,0,1,2,3,Low,Normal,"Habitat factor, Active/risk behavior"
S0074,2025-05-18 21:26:00,Rabbit,Resting,24.33486,78.63607,20.9,Windy,Wetland,Afternoon,RAB_003,24.47433,78.64383,2025-05-17 01:12:00,15.528250427345707,44.233333333333334,0.3510531370161049,0,0,0,5,5,0,10,Low,Normal,"Environmental condition, Habitat factor"
S0518,2025-05-21 13:52:00,Rabbit,Hunting,24.45858,78.40378,20.2,Foggy,Forest,Evening,RAB_003,24.33486,78.63607,2025-05-18 21:26:00,27.25052617844115,64.43333333333334,0.4229259106845496,0,0,0,8,3,5,16,Low,Normal,"Environmental condition, Habitat factor, Active/risk behavior"
S0512,2025-05-25 03:50:00,Rabbit,Resting,24.50922,78.46179,18.8,Rainy,Desert,Morning,RAB_003,24.45858,78.40378,2025-05-21 13:52:00,8.134404518696737,85.96666666666667,0.09462277454862432,0,0,0,5,1,0,6,Low,Normal,"Environmental condition, Habitat factor"
S0327,2025-05-28 20:25:00,Rabbit,Playing,24.4144,78.53763,33.9,Cloudy,Grassland,Evening,RAB_003,24.50922,78.46179,2025-05-25 03:50:00,13.041749620536285,88.58333333333333,0.1472257718216702,0,0,0,2,1,2,5,Low,Normal,"Environmental condition, Habitat factor, Active/risk behavior"
S0553,2025-05-02 21:27:00,Rabbit,Running,24.53682,78.56064,30.7,Foggy,Desert,Morning,RAB_004,,,,0.0,,0.0,0,0,0,8,1,5,14,Low,Normal,"Environmental condition, Habitat factor, Active/risk behavior"
S0654,2025-05-07 11:09:00,Rabbit,Resting,24.4953,78.55495,27.5,Windy,Wetland,Evening,RAB_004,24.53682,78.56064,2025-05-02 21:27:00,4.652563574961189,109.7,0.04241170077448668,0,0,0,5,5,0,10,Low,Normal,"Environmental condition, Habitat factor"
S0989,2025-05-10 01:32:00,Rabbit,Hunting,24.49852,78.44234,31.8,Foggy,Forest,Afternoon,RAB_004,24.4953,78.55495,2025-05-07 11:09:00,11.400130031250903,62.38333333333333,0.18274320114214646,0,0,0,8,3,5,16,Low,Normal,"Environmental condition, Habitat factor, Active/risk behavior"
S0131,2025-05-12 04:02:00,Rabbit,Running,24.46577,78.63237,19.1,Windy,Savanna,Morning,RAB_004,24.49852,78.44234,2025-05-10 01:32:00,19.57231384334408,50.5,0.38757057115532834,0,0,0,5,2,5,12,Low,Normal,"Environmental condition, Habitat factor, Active/risk behavior"
S0998,2025-05-14 21:02:00,Rabbit,Socializing,24.61971,78.34529,24.3,Windy,Wetland,Night,RAB_004,24.46577,78.63237,2025-05-12 04:02:00,33.70747165542864,65.0,0.5185764870065945,0,0,0,5,5,1,11,Low,Normal,"Environmental condition, Habitat factor, Active/risk behavior"
S0620,2025-05-17 03:21:00,Rabbit,Resting,24.56084,78.42713,23.9,Windy,Forest,Evening,RAB_004,24.61971,78.34529,2025-05-14 21:02:00,10.551024479160287,54.31666666666667,0.1942502205429939,0,0,0,5,3,0,8,Low,Normal,"Environmental condition, Habitat factor"
S0578,2025-05-19 08:58:00,Rabbit,Hunting,24.4992,78.68729,33.6,Foggy,Forest,Afternoon,RAB_004,24.56084,78.42713,2025-05-17 03:21:00,27.195377789386075,53.61666666666667,0.5072187340264732,0,0,0,8,3,5,16,Low,Normal,"Environmental condition, Habitat factor, Active/risk behavior"
S0498,2025-05-21 21:16:00,Rabbit,Playing,24.6832,78.41364,24.0,Rainy,Grassland,Afternoon,RAB_004,24.4992,78.68729,2025-05-19 08:58:00,34.41159424781908,60.3,0.5706732047731191,0,0,0,5,1,2,8,Low,Normal,"Environmental condition, Habitat factor, Active/risk behavior"
S0691,2025-05-25 14:12:00,Rabbit,Resting,24.38307,78.41227,20.0,Foggy,Desert,Morning,RAB_004,24.6832,78.41364,2025-05-21 21:16:00,33.373221073632656,88.93333333333334,0.3752611065251048,0,0,0,8,1,0,9,Low,Normal,"Environmental condition, Habitat factor"
S0431,2025-05-29 21:51:00,Rabbit,Resting,24.31171,78.44449,21.3,Cloudy,Grassland,Night,RAB_004,24.38307,78.41227,2025-05-25 14:12:00,8.579992765420279,103.65,0.08277851196739294,0,0,0,2,1,0,3,Low,Normal,"Environmental condition, Habitat factor"
S0167,2025-05-02 23:40:00,Rabbit,Running,24.40883,78.52934,31.7,Cloudy,Wetland,Night,RAB_005,,,,0.0,,0.0,0,0,0,2,5,5,12,Low,Normal,"Environmental condition, Habitat factor, Active/risk behavior"
S0992,2025-05-07 19:51:00,Rabbit,Alert,24.48173,78.5085,25.3,Windy,Wetland,Evening,RAB_005,24.40883,78.52934,2025-05-02 23:40:00,8.376115769143539,116.18333333333334,0.07209395296924577,0,0,0,5,5,4,14,Low,Normal,"Environmental condition, Habitat factor, Active/risk behavior"
S0105,2025-05-10 12:22:00,Rabbit,Alert,24.41505,78.68914,24.6,Foggy,Wetland,Night,RAB_005,24.48173,78.5085,2025-05-07 19:51:00,19.731273445928004,64.51666666666667,0.3058321898103023,0,0,0,8,5,4,17,Low,Normal,"Environmental condition, Habitat factor, Active/risk behavior"
S0120,2025-05-12 04:09:00,Rabbit,Hunting,24.57882,78.37466,21.0,Cloudy,Desert,Morning,RAB_005,24.41505,78.68914,2025-05-10 12:22:00,36.663088565733254,39.78333333333333,0.9215690464784229,20,0,0,2,1,5,28,Moderate,Monitor,"High movement speed, Environmental condition, Habitat factor, Active/risk behavior"
S0360,2025-05-14 21:18:00,Rabbit,Playing,24.53675,78.39565,34.2,Foggy,Desert,Night,RAB_005,24.57882,78.37466,2025-05-12 04:09:00,5.1371124134101525,65.15,0.07885053589271146,0,0,0,8,1,2,11,Low,Normal,"Environmental condition, Habitat factor, Active/risk behavior"
S0045,2025-05-17 11:56:00,Rabbit,Resting,24.34084,78.66094,30.6,Rainy,Wetland,Afternoon,RAB_005,24.53675,78.39565,2025-05-14 21:18:00,34.58019476241966,62.63333333333333,0.5521052915766843,0,0,0,5,5,0,10,Low,Normal,"Environmental condition, Habitat factor"
S0584,2025-05-19 09:59:00,Rabbit,Alert,24.56202,78.35051,26.6,Rainy,Forest,Night,RAB_005,24.34084,78.66094,2025-05-17 11:56:00,39.90279910940733,46.05,0.866510295535447,20,20,0,5,3,4,52,High,High Priority,"High movement speed, Large movement distance, Environmental condition, Habitat factor, Active/risk behavior"
S0469,2025-05-21 22:18:00,Rabbit,Grazing,24.50204,78.45871,28.3,Rainy,Grassland,Morning,RAB_005,24.56202,78.35051,2025-05-19 09:59:00,12.81716141257571,60.31666666666667,0.21249784049586695,0,0,0,5,1,1,7,Low,Normal,"Environmental condition, Habitat factor, Active/risk behavior"
S0489,2025-05-25 23:54:00,Rabbit,Playing,24.40876,78.6771,34.0,Cloudy,Forest,Morning,RAB_005,24.50204,78.45871,2025-05-21 22:18:00,24.41769069163194,97.6,0.2501812570863928,0,0,0,2,3,2,7,Low,Normal,"Environmental condition, Habitat factor, Active/risk behavior"
S0753,2025-05-29 22:53:00,Rabbit,Alert,24.33677,78.61562,31.9,Foggy,Savanna,Morning,RAB_005,24.40876,78.6771,2025-05-25 23:54:00,10.141720973500336,94.98333333333333,0.10677368984208109,0,0,0,8,2,4,14,Low,Normal,"Environmental condition, Habitat factor, Active/risk behavior"
S0686,2025-05-03 23:16:00,Rabbit,Hunting,24.44576,78.30906,31.5,Sunny,Forest,Night,RAB_006,,,,0.0,,0.0,0,0,0,0,3,5,8,Low,Normal,"Habitat factor, Active/risk behavior"
S0401,2025-05-07 22:46:00,Rabbit,Hunting,24.42095,78.67839,28.9,Windy,Grassland,Morning,RAB_006,24.44576,78.30906,2025-05-03 23:16:00,37.49135521481541,95.5,0.3925796357572294,0,0,0,5,1,5,11,Low,Normal,"Environmental condition, Habitat factor, Active/risk behavior"
S0408,2025-05-10 13:30:00,Rabbit,Socializing,24.38561,78.55162,18.8,Sunny,Grassland,Morning,RAB_006,24.42095,78.67839,2025-05-07 22:46:00,13.424832218573234,62.733333333333334,0.2139983881812949,0,0,0,0,1,1,2,Low,Normal,"Habitat factor, Active/risk behavior"
S0704,2025-05-12 12:40:00,Rabbit,Alert,24.62137,78.61819,26.3,Cloudy,Grassland,Night,RAB_006,24.38561,78.55162,2025-05-10 13:30:00,27.066780234227142,47.166666666666664,0.5738539978988086,0,0,0,2,1,4,7,Low,Normal,"Environmental condition, Habitat factor, Active/risk behavior"
S0612,2025-05-15 11:40:00,Rabbit,Alert,24.50758,78.68446,26.0,Cloudy,Forest,Evening,RAB_006,24.62137,78.61819,2025-05-12 12:40:00,14.31821824214979,71.0,0.20166504566408155,0,0,0,2,3,4,9,Low,Normal,"Environmental condition, Habitat factor, Active/risk behavior"
S0151,2025-05-17 14:47:00,Rabbit,Socializing,24.39112,78.58683,34.4,Foggy,Desert,Afternoon,RAB_006,24.50758,78.68446,2025-05-15 11:40:00,16.28986369889131,51.11666666666667,0.3186800854038078,0,0,0,8,1,1,10,Low,Normal,"Environmental condition, Habitat factor, Active/risk behavior"
S0993,2025-05-19 12:31:00,Rabbit,Resting,24.34824,78.62002,32.5,Sunny,Wetland,Night,RAB_006,24.39112,78.58683,2025-05-17 14:47:00,5.833993194591151,45.733333333333334,0.12756544886132254,0,0,0,0,5,0,5,Low,Normal,Habitat factor
S0726,2025-05-22 06:57:00,Rabbit,Running,24.32742,78.39662,24.9,Rainy,Wetland,Night,RAB_006,24.34824,78.62002,2025-05-19 12:31:00,22.751455226833667,66.43333333333334,0.3424704750652333,0,0,0,5,5,5,15,Low,Normal,"Environmental condition, Habitat factor, Active/risk behavior"
S0179,2025-05-26 01:03:00,Rabbit,Grazing,24.39387,78.65893,28.2,Foggy,Desert,Morning,RAB_006,24.32742,78.39662,2025-05-22 06:57:00,27.578909063378326,90.1,0.30609222045924894,0,0,0,8,1,1,10,Low,Normal,"Environmental condition, Habitat factor, Active/risk behavior"
S0556,2025-05-30 05:28:00,Rabbit,Resting,24.30962,78.4656,27.2,Windy,Grassland,Night,RAB_006,24.39387,78.65893,2025-05-26 01:03:00,21.709997223279938,100.41666666666667,0.2161991424724973,0,0,0,5,1,0,6,Low,Normal,"Environmental condition, Habitat factor"
S0160,2025-05-04 02:50:00,Rabbit,Hunting,24.34884,78.68827,30.6,Windy,Grassland,Afternoon,RAB_007,,,,0.0,,0.0,0,0,0,5,1,5,11,Low,Normal,"Environmental condition, Habitat factor, Active/risk behavior"
S0281,2025-05-08 00:02:00,Rabbit,Running,24.49475,78.58021,24.2,Windy,Desert,Evening,RAB_007,24.34884,78.68827,2025-05-04 02:50:00,19.56860249084336,93.2,0.20996354603909184,0,0,0,5,1,5,11,Low,Normal,"Environmental condition, Habitat factor, Active/risk behavior"
S0290,2025-05-10 23:43:00,Rabbit,Resting,24.46351,78.5763,33.8,Rainy,Grassland,Afternoon,RAB_007,24.49475,78.58021,2025-05-08 00:02:00,3.4961934208722636,71.68333333333334,0.0487727517443236,0,0,0,5,1,0,6,Low,Normal,"Environmental condition, Habitat factor"
S0396,2025-05-13 09:03:00,Rabbit,Running,24.68932,78.44869,19.3,Rainy,Savanna,Morning,RAB_007,24.46351,78.5763,2025-05-10 23:43:00,28.2307271499639,57.333333333333336,0.49239640377844013,0,0,0,5,2,5,12,Low,Normal,"Environmental condition, Habitat factor, Active/risk behavior"
S0240,2025-05-15 11:56:00,Rabbit,Running,24.48377,78.55818,18.4,Cloudy,Savanna,Evening,RAB_007,24.68932,78.44869,2025-05-13 09:03:00,25.396192946930885,50.88333333333333,0.499106314056945,0,0,0,2,2,5,9,Low,Normal,"Environmental condition, Habitat factor, Active/risk behavior"
S0102,2025-05-17 14:53:00,Rabbit,Grazing,24.40606,78.67249,25.6,Cloudy,Forest,Night,RAB_007,24.48377,78.55818,2025-05-15 11:56:00,14.44164427308052,50.95,0.28344738514387674,0,0,0,2,3,1,6,Low,Normal,"Environmental condition, Habitat factor, Active/risk behavior"
S0137,2025-05-19 23:57:00,Rabbit,Resting,24.61987,78.60752,33.8,Cloudy,Savanna,Morning,RAB_007,24.40606,78.67249,2025-05-17 14:53:00,24.6665298956768,57.06666666666667,0.43224059396629905,0,0,0,2,2,0,4,Low,Normal,"Environmental condition, Habitat factor"
S0467,2025-05-22 14:18:00,Rabbit,Alert,24.55488,78.31782,29.8,Foggy,Grassland,Evening,RAB_007,24.61987,78.60752,2025-05-19 23:57:00,30.17057130714977,62.35,0.4838904780617445,0,0,0,8,1,4,13,Low,Normal,"Environmental condition, Habitat factor, Active/risk behavior"
S0234,2025-05-26 07:34:00,Rabbit,Playing,24.31613,78.54603,32.0,Cloudy,Forest,Evening,RAB_007,24.55488,78.31782,2025-05-22 14:18:00,35.192670271507744,89.26666666666667,0.3942420120034475,0,0,0,2,3,2,7,Low,Normal,"Environmental condition, Habitat factor, Active/risk behavior"
S0995,2025-05-30 13:50:00,Rabbit,Grazing,24.37961,78.64962,32.0,Sunny,Forest,Night,RAB_007,24.31613,78.54603,2025-05-26 07:34:00,12.647245787159923,102.26666666666667,0.12366928735814788,0,0,0,0,3,1,4,Low,Normal,"Habitat factor, Active/risk behavior"
S0699,2025-05-04 20:54:00,Rabbit,Socializing,24.4087,78.30024,19.7,Foggy,Savanna,Afternoon,RAB_008,,,,0.0,,0.0,0,0,0,8,2,1,11,Low,Normal,"Environmental condition, Habitat factor, Active/risk behavior"
S0350,2025-05-08 08:47:00,Rabbit,Grazing,24.60293,78.43367,23.2,Foggy,Savanna,Morning,RAB_008,24.4087,78.30024,2025-05-04 20:54:00,25.46965421277738,83.88333333333334,0.3036318801443757,0,0,0,8,2,1,11,Low,Normal,"Environmental condition, Habitat factor, Active/risk behavior"
S0366,2025-05-11 01:53:00,Rabbit,Running,24.38307,78.33273,29.7,Cloudy,Wetland,Evening,RAB_008,24.60293,78.43367,2025-05-08 08:47:00,26.49521906350228,65.1,0.406992612342585,0,0,0,2,5,5,12,Low,Normal,"Environmental condition, Habitat factor, Active/risk behavior"
S0723,2025-05-13 17:11:00,Rabbit,Playing,24.55579,78.68431,18.9,Foggy,Savanna,Morning,RAB_008,24.38307,78.33273,2025-05-11 01:53:00,40.43480110753999,63.3,0.6387804282391784,0,20,0,8,2,2,32,Moderate,Monitor,"Large movement distance, Environmental condition, Habitat factor, Active/risk behavior"
S0547,2025-05-15 15:17:00,Rabbit,Socializing,24.38681,78.40664,22.0,Foggy,Forest,Morning,RAB_008,24.55579,78.68431,2025-05-13 17:11:00,33.80488072600611,46.1,0.7332945927550132,0,0,0,8,3,1,12,Low,Normal,"Environmental condition, Habitat factor, Active/risk behavior"
S0309,2025-05-17 20:28:00,Rabbit,Resting,24.48246,78.39569,22.1,Cloudy,Wetland,Morning,RAB_008,24.38681,78.40664,2025-05-15 15:17:00,10.693407685189914,53.18333333333333,0.20106689473876369,0,0,0,2,5,0,7,Low,Normal,"Environmental condition, Habitat factor"
S0335,2025-05-20 04:02:00,Rabbit,Socializing,24.69607,78.4909,28.4,Windy,Forest,Morning,RAB_008,24.48246,78.39569,2025-05-17 20:28:00,25.629064335154457,55.56666666666667,0.4612309118504101,0,0,0,5,3,1,9,Low,Normal,"Environmental condition, Habitat factor, Active/risk behavior"
S0273,2025-05-23 04:53:00,Rabbit,Grazing,24.66551,78.48318,20.4,Sunny,Savanna,Night,RAB_008,24.69607,78.4909,2025-05-20 04:02:00,3.48648942584907,72.85,0.04785846843993233,0,0,0,0,2,1,3,Low,Normal,"Habitat factor, Active/risk behavior"
S0769,2025-05-27 00:26:00,Rabbit,Grazing,24.4923,78.69886,23.6,Rainy,Grassland,Evening,RAB_008,24.66551,78.48318,2025-05-23 04:53:00,29.096422459721797,91.55,0.31782001594453085,0,0,0,5,1,1,7,Low,Normal,"Environmental condition, Habitat factor, Active/risk behavior"
S0289,2025-05-30 14:35:00,Rabbit,Running,24.51888,78.68725,19.9,Foggy,Desert,Afternoon,RAB_008,24.4923,78.69886,2025-05-27 00:26:00,3.1804437566904316,86.15,0.036917513136278945,0,0,0,8,1,5,14,Low,Normal,"Environmental condition, Habitat factor, Active/risk behavior"
S0742,2025-05-05 03:14:00,Rabbit,Hunting,24.56046,78.34029,33.9,Cloudy,Desert,Evening,RAB_009,,,,0.0,,0.0,0,0,0,2,1,5,8,Low,Normal,"Environmental condition, Habitat factor, Active/risk behavior"
S0970,2025-05-08 18:52:00,Rabbit,Resting,24.61953,78.38072,23.6,Sunny,Savanna,Evening,RAB_009,24.56046,78.34029,2025-05-05 03:14:00,7.736489532802153,87.63333333333334,0.08828249752151562,0,0,0,0,2,0,2,Low,Normal,Habitat factor
S0834,2025-05-11 21:26:00,Rabbit,Resting,24.42204,78.5823,33.2,Sunny,Savanna,Morning,RAB_009,24.61953,78.38072,2025-05-08 18:52:00,29.96856421051884,74.56666666666666,0.40190296214374843,0,0,0,0,2,0,2,Low,Normal,Habitat factor
S0184,2025-05-13 23:27:00,Rabbit,Alert,24.68442,78.44705,28.2,Windy,Forest,Night,RAB_009,24.42204,78.5823,2025-05-11 21:26:00,32.22297086956117,50.016666666666666,0.6442446691681675,0,0,0,5,3,4,12,Low,Normal,"Environmental condition, Habitat factor, Active/risk behavior"
S0138,2025-05-15 22:27:00,Rabbit,Grazing,24.34726,78.43742,22.3,Windy,Savanna,Evening,RAB_009,24.68442,78.44705,2025-05-13 23:27:00,37.50313851789189,47.0,0.7979391174019551,20,0,0,5,2,1,28,Moderate,Monitor,"High movement speed, Environmental condition, Habitat factor, Active/risk behavior"
S0492,2025-05-17 23:38:00,Rabbit,Resting,24.31804,78.60425,33.6,Windy,Grassland,Morning,RAB_009,24.34726,78.43742,2025-05-15 22:27:00,17.212214866648438,49.18333333333333,0.34996031582477344,0,0,0,5,1,0,6,Low,Normal,"Environmental condition, Habitat factor"
S0411,2025-05-20 22:12:00,Rabbit,Socializing,24.52988,78.3278,21.8,Rainy,Grassland,Night,RAB_009,24.31804,78.60425,2025-05-17 23:38:00,36.58200430288224,70.56666666666666,0.5184034620153365,0,0,0,5,1,1,7,Low,Normal,"Environmental condition, Habitat factor, Active/risk behavior"
S0485,2025-05-23 11:10:00,Rabbit,Socializing,24.34296,78.47254,34.5,Foggy,Savanna,Afternoon,RAB_009,24.52988,78.3278,2025-05-20 22:12:00,25.430241093062225,60.96666666666667,0.4171171311054493,0,0,0,8,2,1,11,Low,Normal,"Environmental condition, Habitat factor, Active/risk behavior"
S0562,2025-05-27 08:48:00,Rabbit,Playing,24.66371,78.46484,32.8,Cloudy,Savanna,Evening,RAB_009,24.34296,78.47254,2025-05-23 11:10:00,35.67428094489748,93.63333333333334,0.38099979649231913,0,0,0,2,2,2,6,Low,Normal,"Environmental condition, Habitat factor, Active/risk behavior"
S0690,2025-05-30 19:39:00,Rabbit,Running,24.6226,78.30621,33.2,Rainy,Forest,Evening,RAB_009,24.66371,78.46484,2025-05-27 08:48:00,16.671296763178383,82.85,0.20122265254288937,0,0,0,5,3,5,13,Low,Normal,"Environmental condition, Habitat factor, Active/risk behavior"
S0560,2025-05-05 13:29:00,Rabbit,Socializing,24.44269,78.47037,27.2,Sunny,Savanna,Afternoon,RAB_010,,,,0.0,,0.0,0,0,0,0,2,1,3,Low,Normal,"Habitat factor, Active/risk behavior"
S0190,2025-05-08 23:59:00,Rabbit,Alert,24.3541,78.35524,25.8,Cloudy,Wetland,Morning,RAB_010,24.44269,78.47037,2025-05-05 13:29:00,15.263041405221777,82.5,0.1850065624875367,0,0,0,2,5,4,11,Low,Normal,"Environmental condition, Habitat factor, Active/risk behavior"
S0855,2025-05-11 22:24:00,Rabbit,Playing,24.32124,78.59917,23.8,Windy,Savanna,Evening,RAB_010,24.3541,78.35524,2025-05-08 23:59:00,24.982004470898143,70.41666666666667,0.354774027989086,0,0,0,5,2,2,9,Low,Normal,"Environmental condition, Habitat factor, Active/risk behavior"
S0766,2025-05-14 02:35:00,Rabbit,Running,24.40719,78.61221,29.8,Rainy,Desert,Night,RAB_010,24.32124,78.59917,2025-05-11 22:24:00,9.648045802852556,52.18333333333333,0.18488749542355584,0,0,0,5,1,5,11,Low,Normal,"Environmental condition, Habitat factor, Active/risk behavior"
S0617,2025-05-16 04:12:00,Rabbit,Running,24.60738,78.43769,23.1,Cloudy,Savanna,Morning,RAB_010,24.40719,78.61221,2025-05-14 02:35:00,28.412980975375984,49.61666666666667,0.5726499356810746,0,0,0,2,2,5,9,Low,Normal,"Environmental condition, Habitat factor, Active/risk behavior"
S0997,2025-05-18 07:10:00,Rabbit,Hunting,24.32554,78.56531,21.1,Sunny,Desert,Evening,RAB_010,24.60738,78.43769,2025-05-16 04:12:00,33.896572278943864,50.96666666666667,0.6650733606071393,0,0,0,0,1,5,6,Low,Normal,"Habitat factor, Active/risk behavior"
S0413,2025-05-21 05:27:00,Rabbit,Grazing,24.65296,78.69636,21.5,Rainy,Grassland,Night,RAB_010,24.32554,78.56531,2025-05-18 07:10:00,38.74738559484075,70.28333333333333,0.5513026169529156,0,0,0,5,1,1,7,Low,Normal,"Environmental condition, Habitat factor, Active/risk behavior"
S0767,2025-05-23 21:27:00,Rabbit,Hunting,24.48146,78.57929,29.2,Foggy,Wetland,Morning,RAB_010,24.65296,78.69636,2025-05-21 05:27:00,22.446109039846682,64.0,0.3507204537476044,0,0,0,8,5,5,18,Low,Normal,"Environmental condition, Habitat factor, Active/risk behavior"
S0142,2025-05-27 19:05:00,Rabbit,Running,24.37396,78.49394,22.1,Rainy,Savanna,Evening,RAB_010,24.48146,78.57929,2025-05-23 21:27:00,14.74960288618728,93.63333333333334,0.15752512872396524,0,0,0,5,2,5,12,Low,Normal,"Environmental condition, Habitat factor, Active/risk behavior"
S0543,2025-05-31 00:19:00,Rabbit,Hunting,24.59083,78.54339,19.2,Cloudy,Desert,Night,RAB_010,24.37396,78.49394,2025-05-27 19:05:00,24.62859502740578,77.23333333333333,0.3188855635831564,0,0,0,2,1,5,8,Low,Normal,"Environmental condition, Habitat factor, Active/risk behavior"
S0526,2025-05-02 05:33:00,Tiger,Playing,24.52103,78.55368,18.1,Foggy,Desert,Evening,TIG_001,,,,0.0,,0.0,0,0,0,8,1,2,11,Low,Normal,"Environmental condition, Habitat factor, Active/risk behavior"
S0454,2025-05-05 19:23:00,Tiger,Alert,24.42217,78.53439,26.3,Sunny,Desert,Morning,TIG_001,24.52103,78.55368,2025-05-02 05:33:00,11.164741327249347,85.83333333333333,0.13007465623979822,0,0,0,0,1,4,5,Low,Normal,"Habitat factor, Active/risk behavior"
S0871,2025-05-08 07:21:00,Tiger,Playing,24.62238,78.64084,20.6,Sunny,Savanna,Afternoon,TIG_001,24.42217,78.53439,2025-05-05 19:23:00,24.730212540442,59.96666666666667,0.4123993197405559,0,0,0,0,2,2,4,Low,Normal,"Habitat factor, Active/risk behavior"
S0219,2025-05-09 13:44:00,Tiger,Running,24.36599,78.62727,22.1,Rainy,Savanna,Evening,TIG_001,24.62238,78.64084,2025-05-08 07:21:00,28.542315362017284,30.383333333333333,0.9394069784536682,20,0,0,5,2,5,32,Moderate,Monitor,"High movement speed, Environmental condition, Habitat factor, Active/risk behavior"
S0694,2025-05-12 06:08:00,Tiger,Playing,24.67635,78.4301,28.3,Sunny,Desert,Night,TIG_001,24.36599,78.62727,2025-05-09 13:44:00,39.8603701186596,64.4,0.6189498465630373,0,20,0,0,1,2,23,Low,Normal,"Large movement distance, Habitat factor, Active/risk behavior"
S0345,2025-05-13 14:03:00,Tiger,Grazing,24.38881,78.6872,28.4,Sunny,Grassland,Evening,TIG_001,24.67635,78.4301,2025-05-12 06:08:00,41.21474998240097,31.916666666666668,1.2913237592397169,20,20,0,0,1,1,42,Moderate,Monitor,"High movement speed, Large movement distance, Habitat factor, Active/risk behavior"
S0389,2025-05-19 07:32:00,Tiger,Socializing,24.64267,78.57088,28.2,Windy,Wetland,Afternoon,TIG_001,24.38881,78.6872,2025-05-13 14:03:00,30.582766492299125,137.48333333333332,0.22244708322680903,0,0,0,5,5,1,11,Low,Normal,"Environmental condition, Habitat factor, Active/risk behavior"
S0405,2025-05-22 14:15:00,Tiger,Hunting,24.32446,78.35279,31.6,Foggy,Forest,Night,TIG_001,24.64267,78.57088,2025-05-19 07:32:00,41.70202605331525,78.71666666666667,0.52977378005482,0,20,0,8,3,5,36,Moderate,Monitor,"Large movement distance, Environmental condition, Habitat factor, Active/risk behavior"
S0887,2025-05-24 09:39:00,Tiger,Grazing,24.49708,78.6723,23.5,Foggy,Savanna,Night,TIG_001,24.32446,78.35279,2025-05-22 14:15:00,37.61744246137169,43.4,0.866761347036214,20,0,0,8,2,1,31,Moderate,Monitor,"High movement speed, Environmental condition, Habitat factor, Active/risk behavior"
S0827,2025-05-27 05:56:00,Tiger,Socializing,24.50645,78.59021,31.9,Cloudy,Savanna,Afternoon,TIG_001,24.49708,78.6723,2025-05-24 09:39:00,8.371094184991268,68.28333333333333,0.12259351991688457,0,0,0,2,2,1,5,Low,Normal,"Environmental condition, Habitat factor, Active/risk behavior"
S0296,2025-05-29 13:20:00,Tiger,Hunting,24.38376,78.58186,32.0,Sunny,Wetland,Night,TIG_001,24.50645,78.59021,2025-05-27 05:56:00,13.668664897282758,55.4,0.24672680320004978,0,0,0,0,5,5,10,Low,Normal,"Habitat factor, Active/risk behavior"
S0338,2025-05-02 10:49:00,Tiger,Hunting,24.5849,78.57808,26.2,Windy,Wetland,Night,TIG_002,,,,0.0,,0.0,0,0,0,5,5,5,15,Low,Normal,"Environmental condition, Habitat factor, Active/risk behavior"
S0940,2025-05-05 21:44:00,Tiger,Playing,24.37498,78.5922,32.5,Foggy,Forest,Morning,TIG_002,24.5849,78.57808,2025-05-02 10:49:00,23.385735616018238,82.91666666666667,0.28203902250474255,0,0,0,8,3,2,13,Low,Normal,"Environmental condition, Habitat factor, Active/risk behavior"
S0474,2025-05-08 09:37:00,Tiger,Hunting,24.46211,78.69918,23.4,Rainy,Forest,Night,TIG_002,24.37498,78.5922,2025-05-05 21:44:00,14.532315079131209,59.88333333333333,0.2426771235034435,0,0,0,5,3,5,13,Low,Normal,"Environmental condition, Habitat factor, Active/risk behavior"
S0734,2025-05-09 23:13:00,Tiger,Alert,24.33662,78.57385,28.6,Sunny,Forest,Morning,TIG_002,24.46211,78.69918,2025-05-08 09:37:00,18.86217486517365,37.6,0.5016535868397247,0,0,0,0,3,4,7,Low,Normal,"Habitat factor, Active/risk behavior"
S0514,2025-05-12 10:33:00,Tiger,Running,24.42934,78.67926,18.9,Foggy,Desert,Night,TIG_002,24.33662,78.57385,2025-05-09 23:13:00,14.841315268534418,59.333333333333336,0.25013452699777106,0,0,0,8,1,5,14,Low,Normal,"Environmental condition, Habitat factor, Active/risk behavior"
S0425,2025-05-14 00:16:00,Tiger,Socializing,24.61953,78.43467,28.6,Sunny,Grassland,Morning,TIG_002,24.42934,78.67926,2025-05-12 10:33:00,32.54976681401284,37.71666666666667,0.8630075160586701,20,0,0,0,1,1,22,Low,Normal,"High movement speed, Habitat factor, Active/risk behavior"
S0965,2025-05-19 13:21:00,Tiger,Running,24.45746,78.68572,32.3,Foggy,Savanna,Afternoon,TIG_002,24.61953,78.43467,2025-05-14 00:16:00,31.138969406218877,133.08333333333334,0.23398098489331653,0,0,0,8,2,5,15,Low,Normal,"Environmental condition, Habitat factor, Active/risk behavior"
S0367,2025-05-22 19:56:00,Tiger,Playing,24.36937,78.33239,29.3,Rainy,Savanna,Morning,TIG_002,24.45746,78.68572,2025-05-19 13:21:00,37.09228255748889,78.58333333333333,0.47201207920452465,0,0,0,5,2,2,9,Low,Normal,"Environmental condition, Habitat factor, Active/risk behavior"
S0091,2025-05-24 13:36:00,Tiger,Socializing,24.45377,78.56322,30.4,Sunny,Savanna,Morning,TIG_002,24.36937,78.33239,2025-05-22 19:56:00,25.18627463481413,41.666666666666664,0.6044705912355391,0,0,0,0,2,1,3,Low,Normal,"Habitat factor, Active/risk behavior"
S0110,2025-05-27 10:03:00,Tiger,Playing,24.57398,78.46828,21.1,Sunny,Savanna,Evening,TIG_002,24.45377,78.56322,2025-05-24 13:36:00,16.45997487655398,68.45,0.24046712748800553,0,0,0,0,2,2,4,Low,Normal,"Habitat factor, Active/risk behavior"
S0005,2025-05-30 05:10:00,Tiger,Resting,24.49469,78.36676,29.8,Windy,Grassland,Morning,TIG_002,24.57398,78.46828,2025-05-27 10:03:00,13.534833138648038,67.11666666666666,0.20166128341665815,0,0,0,5,1,0,6,Low,Normal,"Environmental condition, Habitat factor"
S0595,2025-05-02 10:57:00,Tiger,Running,24.67668,78.61111,32.9,Windy,Forest,Evening,TIG_003,,,,0.0,,0.0,0,0,0,5,3,5,13,Low,Normal,"Environmental condition, Habitat factor, Active/risk behavior"
S0733,2025-05-05 21:46:00,Tiger,Running,24.44579,78.68794,33.9,Cloudy,Forest,Evening,TIG_003,24.67668,78.61111,2025-05-02 10:57:00,26.823836971558624,82.81666666666666,0.32389418762195965,0,0,0,2,3,5,10,Low,Normal,"Environmental condition, Habitat factor, Active/risk behavior"
S0208,2025-05-08 09:52:00,Tiger,Resting,24.59119,78.41658,29.9,Cloudy,Wetland,Night,TIG_003,24.44579,78.68794,2025-05-05 21:46:00,31.860041026021023,60.1,0.5301171551750586,0,0,0,2,5,0,7,Low,Normal,"Environmental condition, Habitat factor"
S0507,2025-05-10 04:46:00,Tiger,Resting,24.332,78.51975,20.4,Cloudy,Forest,Afternoon,TIG_003,24.59119,78.41658,2025-05-08 09:52:00,30.654002997085758,42.9,0.7145455244075934,0,0,0,2,3,0,5,Low,Normal,"Environmental condition, Habitat factor"
S0280,2025-05-12 10:40:00,Tiger,Grazing,24.6251,78.63581,23.4,Cloudy,Forest,Morning,TIG_003,24.332,78.51975,2025-05-10 04:46:00,34.643041058550985,53.9,0.6427280344814654,0,0,0,2,3,1,6,Low,Normal,"Environmental condition, Habitat factor, Active/risk behavior"
S0081,2025-05-14 01:24:00,Tiger,Socializing,24.4159,78.61282,21.4,Rainy,Desert,Afternoon,TIG_003,24.6251,78.63581,2025-05-12 10:40:00,23.377961361322345,38.733333333333334,0.6035618251632275,0,0,0,5,1,1,7,Low,Normal,"Environmental condition, Habitat factor, Active/risk behavior"
S0259,2025-05-20 02:42:00,Tiger,Socializing,24.66651,78.58157,23.8,Windy,Forest,Morning,TIG_003,24.4159,78.61282,2025-05-14 01:24:00,28.045261199695545,145.3,0.19301625051407806,0,0,0,5,3,1,9,Low,Normal,"Environmental condition, Habitat factor, Active/risk behavior"
S0435,2025-05-23 09:40:00,Tiger,Alert,24.41445,78.31398,28.2,Rainy,Savanna,Morning,TIG_003,24.66651,78.58157,2025-05-20 02:42:00,38.96369703944845,78.96666666666667,0.493419548832188,0,0,0,5,2,4,11,Low,Normal,"Environmental condition, Habitat factor, Active/risk behavior"
S0936,2025-05-24 19:24:00,Tiger,Grazing,24.46155,78.65836,20.6,Windy,Forest,Afternoon,TIG_003,24.41445,78.31398,2025-05-23 09:40:00,35.25377500294474,33.733333333333334,1.0450723815102196,20,0,0,5,3,1,29,Moderate,Monitor,"High movement speed, Environmental condition, Habitat factor, Active/risk behavior"
S0230,2025-05-27 15:37:00,Tiger,Socializing,24.65178,78.31744,33.6,Foggy,Forest,Evening,TIG_003,24.46155,78.65836,2025-05-24 19:24:00,40.4510213206292,68.21666666666667,0.5929785681010877,0,20,0,8,3,1,32,Moderate,Monitor,"Large movement distance, Environmental condition, Habitat factor, Active/risk behavior"
S0943,2025-05-30 21:52:00,Tiger,Resting,24.40188,78.34812,31.2,Windy,Forest,Night,TIG_003,24.65178,78.31744,2025-05-27 15:37:00,27.960398943823428,78.25,0.35732139225333454,0,0,0,5,3,0,8,Low,Normal,"Environmental condition, Habitat factor"
S0727,2025-05-02 16:11:00,Tiger,Resting,24.49786,78.52551,32.7,Rainy,Wetland,Morning,TIG_004,,,,0.0,,0.0,0,0,0,5,5,0,10,Low,Normal,"Environmental condition, Habitat factor"
S0781,2025-05-06 02:19:00,Tiger,Resting,24.4472,78.50019,22.6,Sunny,Grassland,Morning,TIG_004,24.49786,78.52551,2025-05-02 16:11:00,6.188593706649437,82.13333333333334,0.07534813766212788,0,0,0,0,1,0,1,Low,Normal,Habitat factor
S0096,2025-05-08 15:27:00,Tiger,Playing,24.45701,78.66426,28.2,Cloudy,Savanna,Evening,TIG_004,24.4472,78.50019,2025-05-06 02:19:00,16.643210419375123,61.13333333333333,0.2722444452460489,0,0,0,2,2,2,6,Low,Normal,"Environmental condition, Habitat factor, Active/risk behavior"
S0832,2025-05-10 08:01:00,Tiger,Grazing,24.34047,78.30985,26.9,Windy,Grassland,Night,TIG_004,24.45701,78.66426,2025-05-08 15:27:00,38.15696979742547,40.56666666666667,0.940599091144424,20,0,0,5,1,1,27,Moderate,Monitor,"High movement speed, Environmental condition, Habitat factor, Active/risk behavior"
S0878,2025-05-12 18:14:00,Tiger,Alert,24.66973,78.50738,21.5,Cloudy,Desert,Morning,TIG_004,24.34047,78.30985,2025-05-10 08:01:00,41.71181158319289,58.21666666666667,0.7164926123651799,0,20,0,2,1,4,27,Moderate,Monitor,"Large movement distance, Environmental condition, Habitat factor, Active/risk behavior"
S0751,2025-05-14 18:51:00,Tiger,Alert,24.67375,78.48587,33.5,Foggy,Savanna,Night,TIG_004,24.66973,78.50738,2025-05-12 18:14:00,2.218955393009137,48.61666666666667,0.04564186615719857,0,0,0,8,2,4,14,Low,Normal,"Environmental condition, Habitat factor, Active/risk behavior"
S0625,2025-05-20 07:04:00,Tiger,Grazing,24.6584,78.61935,22.5,Cloudy,Grassland,Night,TIG_004,24.67375,78.48587,2025-05-14 18:51:00,13.595586455353667,132.21666666666667,0.10282808361543173,0,0,0,2,1,1,4,Low,Normal,"Environmental condition, Habitat factor, Active/risk behavior"
S0937,2025-05-23 12:35:00,Tiger,Alert,24.41952,78.63851,31.5,Windy,Desert,Night,TIG_004,24.6584,78.61935,2025-05-20 07:04:00,26.632853836158528,77.51666666666667,0.34357583964083244,0,0,0,5,1,4,10,Low,Normal,"Environmental condition, Habitat factor, Active/risk behavior"
S0199,2025-05-24 22:24:00,Tiger,Running,24.65839,78.31181,26.9,Foggy,Desert,Afternoon,TIG_004,24.41952,78.63851,2025-05-23 12:35:00,42.39747674258268,33.81666666666667,1.2537449997806607,20,20,0,8,1,5,54,High,High Priority,"High movement speed, Large movement distance, Environmental condition, Habitat factor, Active/risk behavior"
S0739,2025-05-27 23:45:00,Tiger,Socializing,24.52125,78.60159,20.0,Cloudy,Grassland,Afternoon,TIG_004,24.65839,78.31181,2025-05-24 22:24:00,33.030598598397454,73.35,0.45031490931693874,0,0,0,2,1,1,4,Low,Normal,"Environmental condition, Habitat factor, Active/risk behavior"
S0860,2025-05-31 00:36:00,Tiger,Running,24.32113,78.69895,21.8,Sunny,Forest,Night,TIG_004,24.52125,78.60159,2025-05-27 23:45:00,24.33789890781324,72.85,0.3340823460235174,0,0,0,0,3,5,8,Low,Normal,"Habitat factor, Active/risk behavior"
S0810,2025-05-02 20:00:00,Tiger,Resting,24.30693,78.59213,32.9,Rainy,Forest,Morning,TIG_005,,,,0.0,,0.0,0,0,0,5,3,0,8,Low,Normal,"Environmental condition, Habitat factor"
S0457,2025-05-06 11:45:00,Tiger,Socializing,24.48604,78.56427,30.7,Windy,Savanna,Afternoon,TIG_005,24.30693,78.59213,2025-05-02 20:00:00,20.114958628836153,87.75,0.22923029776451456,0,0,0,5,2,1,8,Low,Normal,"Environmental condition, Habitat factor, Active/risk behavior"
S0586,2025-05-08 16:04:00,Tiger,Playing,24.58598,78.35062,32.5,Rainy,Desert,Afternoon,TIG_005,24.48604,78.56427,2025-05-06 11:45:00,24.301324834022186,52.31666666666667,0.4645044568465534,0,0,0,5,1,2,8,Low,Normal,"Environmental condition, Habitat factor, Active/risk behavior"
S0567,2025-05-10 10:27:00,Tiger,Alert,24.57483,78.62571,34.9,Cloudy,Wetland,Night,TIG_005,24.58598,78.35062,2025-05-08 16:04:00,27.844235951977083,42.38333333333333,0.6569619178602536,0,0,0,2,5,4,11,Low,Normal,"Environmental condition, Habitat factor, Active/risk behavior"
S0206,2025-05-12 19:26:00,Tiger,Resting,24.32424,78.38911,28.8,Rainy,Forest,Morning,TIG_005,24.57483,78.62571,2025-05-10 10:27:00,36.74233192314443,56.983333333333334,0.6447908497773225,0,0,0,5,3,0,8,Low,Normal,"Environmental condition, Habitat factor"
S0695,2025-05-14 19:24:00,Tiger,Playing,24.59951,78.31811,30.5,Sunny,Grassland,Evening,TIG_005,24.32424,78.38911,2025-05-12 19:26:00,31.44088149191193,47.96666666666667,0.6554735543831535,0,0,0,0,1,2,3,Low,Normal,"Habitat factor, Active/risk behavior"
S0155,2025-05-20 16:36:00,Tiger,Running,24.54666,78.31678,20.3,Windy,Forest,Morning,TIG_005,24.59951,78.31811,2025-05-14 19:24:00,5.878190723561932,141.2,0.04163024591757743,0,0,0,5,3,5,13,Low,Normal,"Environmental condition, Habitat factor, Active/risk behavior"
S0241,2025-05-23 12:44:00,Tiger,Grazing,24.53927,78.60505,20.2,Cloudy,Wetland,Evening,TIG_005,24.54666,78.31678,2025-05-20 16:36:00,29.169640779868523,68.13333333333334,0.4281258431487552,0,0,0,2,5,1,8,Low,Normal,"Environmental condition, Habitat factor, Active/risk behavior"
S0885,2025-05-25 13:38:00,Tiger,Hunting,24.57939,78.56065,32.0,Sunny,Desert,Afternoon,TIG_005,24.53927,78.60505,2025-05-23 12:44:00,6.329733014363112,48.9,0.129442392931761,0,0,0,0,1,5,6,Low,Normal,"Habitat factor, Active/risk behavior"
S0426,2025-05-28 01:24:00,Tiger,Running,24.59538,78.64494,26.0,Windy,Savanna,Morning,TIG_005,24.57939,78.56065,2025-05-25 13:38:00,8.706270584820814,59.766666666666666,0.14567100811189315,0,0,0,5,2,5,12,Low,Normal,"Environmental condition, Habitat factor, Active/risk behavior"
S0323,2025-05-31 03:47:00,Tiger,Socializing,24.35973,78.66329,23.8,Sunny,Grassland,Afternoon,TIG_005,24.59538,78.64494,2025-05-28 01:24:00,26.26880712958137,74.38333333333334,0.35315447631075103,0,0,0,0,1,1,2,Low,Normal,"Habitat factor, Active/risk behavior"
S0541,2025-05-02 22:15:00,Tiger,Grazing,24.58625,78.57866,27.9,Cloudy,Grassland,Evening,TIG_006,,,,0.0,,0.0,0,0,0,2,1,1,4,Low,Normal,"Environmental condition, Habitat factor, Active/risk behavior"
S0683,2025-05-06 12:50:00,Tiger,Running,24.56111,78.4464,30.5,Rainy,Wetland,Afternoon,TIG_006,24.58625,78.57866,2025-05-02 22:15:00,13.663635218593331,86.58333333333333,0.15780906893466792,0,0,0,5,5,5,15,Low,Normal,"Environmental condition, Habitat factor, Active/risk behavior"
S0630,2025-05-08 22:29:00,Tiger,Playing,24.40626,78.68232,33.8,Sunny,Desert,Morning,TIG_006,24.56111,78.4464,2025-05-06 12:50:00,29.43560842548731,57.65,0.5105916465826073,0,0,0,0,1,2,3,Low,Normal,"Habitat factor, Active/risk behavior"
S0616,2025-05-10 20:29:00,Tiger,Resting,24.42112,78.65373,34.6,Sunny,Wetland,Morning,TIG_006,24.40626,78.68232,2025-05-08 22:29:00,3.333194976994119,46.0,0.07246076036943737,0,0,0,0,5,0,5,Low,Normal,Habitat factor
S0614,2025-05-12 20:06:00,Tiger,Grazing,24.41643,78.49055,30.7,Rainy,Savanna,Night,TIG_006,24.42112,78.65373,2025-05-10 20:29:00,16.529932537265633,47.61666666666667,0.3471459405796073,0,0,0,5,2,1,8,Low,Normal,"Environmental condition, Habitat factor, Active/risk behavior"
S0012,2025-05-15 21:41:00,Tiger,Grazing,24.36735,78.32164,34.9,Sunny,Savanna,Night,TIG_006,24.41643,78.49055,2025-05-12 20:06:00,17.95499301227926,73.58333333333333,0.24400896505928782,0,0,0,0,2,1,3,Low,Normal,"Habitat factor, Active/risk behavior"
S0841,2025-05-20 18:49:00,Tiger,Alert,24.42907,78.50354,26.1,Rainy,Savanna,Evening,TIG_006,24.36735,78.32164,2025-05-15 21:41:00,19.6570374061564,117.13333333333334,0.16781762156650312,0,0,0,5,2,4,11,Low,Normal,"Environmental condition, Habitat factor, Active/risk behavior"
S0286,2025-05-23 14:59:00,Tiger,Alert,24.57648,78.69389,19.8,Rainy,Forest,Morning,TIG_006,24.42907,78.50354,2025-05-20 18:49:00,25.290539136158532,68.16666666666667,0.3710103540756753,0,0,0,5,3,4,12,Low,Normal,"Environmental condition, Habitat factor, Active/risk behavior"
S0760,2025-05-25 16:43:00,Tiger,Socializing,24.57896,78.31668,29.1,Foggy,Forest,Evening,TIG_006,24.57648,78.69389,2025-05-23 14:59:00,38.144623973361334,49.733333333333334,0.7669830557646381,0,0,0,8,3,1,12,Low,Normal,"Environmental condition, Habitat factor, Active/risk behavior"
S0109,2025-05-28 19:23:00,Tiger,Hunting,24.40148,78.43216,33.6,Rainy,Desert,Afternoon,TIG_006,24.57896,78.31668,2025-05-25 16:43:00,22.935055080632136,74.66666666666667,0.30716591625846607,0,0,0,5,1,5,11,Low,Normal,"Environmental condition, Habitat factor, Active/risk behavior"
S0455,2025-05-04 09:24:00,Tiger,Playing,24.34251,78.33979,21.6,Windy,Wetland,Morning,TIG_007,,,,0.0,,0.0,0,0,0,5,5,2,12,Low,Normal,"Environmental condition, Habitat factor, Active/risk behavior"
S0162,2025-05-07 02:14:00,Tiger,Grazing,24.53675,78.49935,23.3,Windy,Desert,Night,TIG_007,24.34251,78.33979,2025-05-04 09:24:00,26.97032858715272,64.83333333333333,0.4159947854059546,0,0,0,5,1,1,7,Low,Normal,"Environmental condition, Habitat factor, Active/risk behavior"
S0221,2025-05-09 01:44:00,Tiger,Alert,24.5126,78.57895,22.5,Rainy,Wetland,Evening,TIG_007,24.53675,78.49935,2025-05-07 02:14:00,8.488543462799521,47.5,0.17870617816420045,0,0,0,5,5,4,14,Low,Normal,"Environmental condition, Habitat factor, Active/risk behavior"
S0297,2025-05-11 00:23:00,Tiger,Alert,24.47411,78.64019,30.2,Cloudy,Savanna,Evening,TIG_007,24.5126,78.57895,2025-05-09 01:44:00,7.53110548419374,46.65,0.16143848840715413,0,0,0,2,2,4,8,Low,Normal,"Environmental condition, Habitat factor, Active/risk behavior"
S0254,2025-05-12 21:18:00,Tiger,Alert,24.34285,78.52132,33.4,Rainy,Forest,Morning,TIG_007,24.47411,78.64019,2025-05-11 00:23:00,18.9182767623,44.916666666666664,0.4211861245781076,0,0,0,5,3,4,12,Low,Normal,"Environmental condition, Habitat factor, Active/risk behavior"
S0888,2025-05-17 14:15:00,Tiger,Playing,24.61584,78.48872,24.6,Rainy,Forest,Morning,TIG_007,24.34285,78.52132,2025-05-12 21:18:00,30.533856176638146,112.95,0.27033073197554797,0,0,0,5,3,2,10,Low,Normal,"Environmental condition, Habitat factor, Active/risk behavior"
S0857,2025-05-21 00:15:00,Tiger,Alert,24.37254,78.58717,32.0,Sunny,Desert,Morning,TIG_007,24.61584,78.48872,2025-05-17 14:15:00,28.829567434945744,82.0,0.35158009067007007,0,0,0,0,1,4,5,Low,Normal,"Habitat factor, Active/risk behavior"
S0746,2025-05-23 15:06:00,Tiger,Resting,24.52171,78.56853,27.8,Windy,Savanna,Night,TIG_007,24.37254,78.58717,2025-05-21 00:15:00,16.693920997771357,62.85,0.2656152903384464,0,0,0,5,2,0,7,Low,Normal,"Environmental condition, Habitat factor"
S0656,2025-05-25 22:38:00,Tiger,Running,24.68363,78.49414,20.7,Sunny,Grassland,Morning,TIG_007,24.52171,78.56853,2025-05-23 15:06:00,19.51234783667729,55.53333333333333,0.3513628061826643,0,0,0,0,1,5,6,Low,Normal,"Habitat factor, Active/risk behavior"
S0245,2025-05-28 20:55:00,Tiger,Socializing,24.38905,78.64025,32.7,Windy,Desert,Afternoon,TIG_007,24.68363,78.49414,2025-05-25 22:38:00,35.935745538381454,70.28333333333333,0.5112982528581663,0,0,0,5,1,1,7,Low,Normal,"Environmental condition, Habitat factor, Active/risk behavior"
S0214,2025-05-04 09:49:00,Tiger,Running,24.3304,78.48899,29.6,Cloudy,Desert,Night,TIG_008,,,,0.0,,0.0,0,0,0,2,1,5,8,Low,Normal,"Environmental condition, Habitat factor, Active/risk behavior"
S0497,2025-05-07 07:33:00,Tiger,Hunting,24.69627,78.5236,34.2,Windy,Forest,Evening,TIG_008,24.3304,78.48899,2025-05-04 09:49:00,40.83329914092606,69.73333333333333,0.5855635632063966,0,20,0,5,3,5,33,Moderate,Monitor,"Large movement distance, Environmental condition, Habitat factor, Active/risk behavior"
S0697,2025-05-09 02:28:00,Tiger,Resting,24.42686,78.30925,21.3,Rainy,Grassland,Night,TIG_008,24.69627,78.5236,2025-05-07 07:33:00,36.97777414402308,42.916666666666664,0.861618038307334,20,0,0,5,1,0,26,Moderate,Monitor,"High movement speed, Environmental condition, Habitat factor"
S0780,2025-05-11 00:36:00,Tiger,Socializing,24.54143,78.67668,19.8,Sunny,Desert,Afternoon,TIG_008,24.42686,78.30925,2025-05-09 02:28:00,39.3042703306022,46.13333333333333,0.8519711776864639,20,0,0,0,1,1,22,Low,Normal,"High movement speed, Habitat factor, Active/risk behavior"
S0680,2025-05-13 08:23:00,Tiger,Hunting,24.32924,78.38996,21.7,Windy,Forest,Evening,TIG_008,24.54143,78.67668,2025-05-11 00:36:00,37.406037328337675,55.78333333333333,0.6705593784583987,0,0,0,5,3,5,13,Low,Normal,"Environmental condition, Habitat factor, Active/risk behavior"
S0121,2025-05-18 09:52:00,Tiger,Socializing,24.38321,78.31991,30.0,Rainy,Savanna,Evening,TIG_008,24.32924,78.38996,2025-05-13 08:23:00,9.293378966941038,121.48333333333333,0.07649920949601623,0,0,0,5,2,1,8,Low,Normal,"Environmental condition, Habitat factor, Active/risk behavior"
S0261,2025-05-21 07:54:00,Tiger,Grazing,24.5989,78.33393,26.8,Rainy,Grassland,Morning,TIG_008,24.38321,78.31991,2025-05-18 09:52:00,24.025556342828462,70.03333333333333,0.34305887210131075,0,0,0,5,1,1,7,Low,Normal,"Environmental condition, Habitat factor, Active/risk behavior"
S0326,2025-05-24 01:28:00,Tiger,Socializing,24.35397,78.34763,28.7,Sunny,Desert,Evening,TIG_008,24.5989,78.33393,2025-05-21 07:54:00,27.27024135474141,65.56666666666666,0.4159162382522839,0,0,0,0,1,1,2,Low,Normal,"Habitat factor, Active/risk behavior"
S0793,2025-05-26 02:52:00,Tiger,Playing,24.55017,78.67963,18.6,Windy,Grassland,Afternoon,TIG_008,24.35397,78.34763,2025-05-24 01:28:00,40.06606654287487,49.4,0.8110539786007059,20,20,0,5,1,2,48,Moderate,Monitor,"High movement speed, Large movement distance, Environmental condition, Habitat factor, Active/risk behavior"
S0447,2025-05-29 01:52:00,Tiger,Running,24.52927,78.43408,33.4,Windy,Desert,Afternoon,TIG_008,24.55017,78.67963,2025-05-26 02:52:00,24.946131834385973,71.0,0.351353969498394,0,0,0,5,1,5,11,Low,Normal,"Environmental condition, Habitat factor, Active/risk behavior"
S0192,2025-05-04 16:42:00,Tiger,Resting,24.59045,78.68368,24.4,Cloudy,Grassland,Afternoon,TIG_009,,,,0.0,,0.0,0,0,0,2,1,0,3,Low,Normal,"Environmental condition, Habitat factor"
S0684,2025-05-07 22:14:00,Tiger,Alert,24.38594,78.56883,18.6,Sunny,Desert,Afternoon,TIG_009,24.59045,78.68368,2025-05-04 16:42:00,25.538188287794206,77.53333333333333,0.3293833399113612,0,0,0,0,1,4,5,Low,Normal,"Habitat factor, Active/risk behavior"
S0901,2025-05-09 04:04:00,Tiger,Hunting,24.6074,78.44985,28.3,Rainy,Desert,Evening,TIG_009,24.38594,78.56883,2025-05-07 22:14:00,27.410601117899134,29.833333333333332,0.9187910989239934,20,0,0,5,1,5,31,Moderate,Monitor,"High movement speed, Environmental condition, Habitat factor, Active/risk behavior"
S0980,2025-05-11 02:28:00,Tiger,Hunting,24.67952,78.39291,20.1,Cloudy,Wetland,Morning,TIG_009,24.6074,78.44985,2025-05-09 04:04:00,9.870553223938234,46.4,0.21272744017108264,0,0,0,2,5,5,12,Low,Normal,"Environmental condition, Habitat factor, Active/risk behavior"
S0784,2025-05-13 11:52:00,Tiger,Grazing,24.45226,78.60299,24.2,Sunny,Wetland,Afternoon,TIG_009,24.67952,78.39291,2025-05-11 02:28:00,33.01433529190999,57.4,0.5751626357475608,0,0,0,0,5,1,6,Low,Normal,"Habitat factor, Active/risk behavior"
S0555,2025-05-18 10:32:00,Tiger,Playing,24.64727,78.32216,34.0,Windy,Wetland,Night,TIG_009,24.45226,78.60299,2025-05-13 11:52:00,35.73494096173309,118.66666666666667,0.30113714293595295,0,0,0,5,5,2,12,Low,Normal,"Environmental condition, Habitat factor, Active/risk behavior"
S0854,2025-05-21 13:49:00,Tiger,Hunting,24.68973,78.68367,18.2,Rainy,Forest,Morning,TIG_009,24.64727,78.32216,2025-05-18 10:32:00,36.83334612497566,75.28333333333333,0.48926295494765104,0,0,0,5,3,5,13,Low,Normal,"Environmental condition, Habitat factor, Active/risk behavior"
S0668,2025-05-24 06:47:00,Tiger,Resting,24.60268,78.67272,24.7,Rainy,Grassland,Morning,TIG_009,24.68973,78.68367,2025-05-21 13:49:00,9.742575510703665,64.96666666666667,0.14996268102673677,0,0,0,5,1,0,6,Low,Normal,"Environmental condition, Habitat factor"
S0282,2025-05-26 09:35:00,Tiger,Running,24.61427,78.39041,20.3,Sunny,Desert,Night,TIG_009,24.60268,78.67272,2025-05-24 06:47:00,28.56937440191112,50.8,0.5623892598801402,0,0,0,0,1,5,6,Low,Normal,"Habitat factor, Active/risk behavior"
S0782,2025-05-29 03:06:00,Tiger,Socializing,24.36174,78.41001,21.3,Windy,Savanna,Morning,TIG_009,24.61427,78.39041,2025-05-26 09:35:00,28.150013407874383,65.51666666666667,0.4296618683471033,0,0,0,5,2,1,8,Low,Normal,"Environmental condition, Habitat factor, Active/risk behavior"
S0132,2025-05-05 06:22:00,Tiger,Alert,24.38625,78.40005,30.3,Sunny,Forest,Morning,TIG_010,,,,0.0,,0.0,0,0,0,0,3,4,7,Low,Normal,"Habitat factor, Active/risk behavior"
S0010,2025-05-08 00:46:00,Tiger,Resting,24.30046,78.51473,30.5,Rainy,Wetland,Evening,TIG_010,24.38625,78.40005,2025-05-05 06:22:00,15.032642747843857,66.4,0.22639522210608218,0,0,0,5,5,0,10,Low,Normal,"Environmental condition, Habitat factor"
S0006,2025-05-09 09:08:00,Tiger,Socializing,24.38303,78.38407,23.7,Windy,Grassland,Evening,TIG_010,24.30046,78.51473,2025-05-08 00:46:00,16.10962814046971,32.36666666666667,0.4977228055757892,0,0,0,5,1,1,7,Low,Normal,"Environmental condition, Habitat factor, Active/risk behavior"
S0130,2025-05-11 23:41:00,Tiger,Hunting,24.53244,78.30551,31.9,Windy,Wetland,Morning,TIG_010,24.38303,78.38407,2025-05-09 09:08:00,18.41849388411732,62.55,0.2944603338787741,0,0,0,5,5,5,15,Low,Normal,"Environmental condition, Habitat factor, Active/risk behavior"
S0343,2025-05-13 13:46:00,Tiger,Hunting,24.49018,78.49691,33.6,Cloudy,Forest,Evening,TIG_010,24.53244,78.30551,2025-05-11 23:41:00,19.926689944011216,38.083333333333336,0.5232391232563119,0,0,0,2,3,5,10,Low,Normal,"Environmental condition, Habitat factor, Active/risk behavior"
S0370,2025-05-18 23:55:00,Tiger,Playing,24.36157,78.55242,21.6,Cloudy,Grassland,Afternoon,TIG_010,24.49018,78.49691,2025-05-13 13:46:00,15.365430070503482,130.15,0.11805939354977704,0,0,0,2,1,2,5,Low,Normal,"Environmental condition, Habitat factor, Active/risk behavior"
S0468,2025-05-21 19:40:00,Tiger,Grazing,24.63372,78.49975,18.4,Sunny,Wetland,Evening,TIG_010,24.36157,78.55242,2025-05-18 23:55:00,30.72739810024283,67.75,0.45354093136889784,0,0,0,0,5,1,6,Low,Normal,"Habitat factor, Active/risk behavior"
S0232,2025-05-24 08:33:00,Tiger,Grazing,24.40328,78.59997,25.9,Cloudy,Desert,Evening,TIG_010,24.63372,78.49975,2025-05-21 19:40:00,27.556807463915717,60.88333333333333,0.4526166021995464,0,0,0,2,1,1,4,Low,Normal,"Environmental condition, Habitat factor, Active/risk behavior"
S0072,2025-05-26 19:04:00,Tiger,Playing,24.49424,78.41485,27.1,Cloudy,Grassland,Evening,TIG_010,24.40328,78.59997,2025-05-24 08:33:00,21.294018946325465,58.516666666666666,0.36389664960966334,0,0,0,2,1,2,5,Low,Normal,"Environmental condition, Habitat factor, Active/risk behavior"
S0421,2025-05-29 08:42:00,Tiger,Playing,24.55857,78.63537,32.4,Foggy,Forest,Night,TIG_010,24.49424,78.41485,2025-05-26 19:04:00,23.426984183759895,61.63333333333333,0.3801025016294196,0,0,0,8,3,2,13,Low,Normal,"Environmental condition, Habitat factor, Active/risk behavior"
S0994,2025-05-01 06:13:00,Wolf,Hunting,24.57001,78.48681,31.8,Foggy,Grassland,Afternoon,WOL_001,,,,0.0,,0.0,0,0,0,8,1,5,14,Low,Normal,"Environmental condition, Habitat factor, Active/risk behavior"
S0265,2025-05-04 01:49:00,Wolf,Alert,24.56593,78.32164,19.2,Windy,Wetland,Morning,WOL_001,24.57001,78.48681,2025-05-01 06:13:00,16.709520764662415,67.6,0.24718225983228426,0,0,0,5,5,4,14,Low,Normal,"Environmental condition, Habitat factor, Active/risk behavior"
S0835,2025-05-07 01:18:00,Wolf,Playing,24.33362,78.56995,18.3,Windy,Savanna,Evening,WOL_001,24.56593,78.32164,2025-05-04 01:49:00,36.04209815356372,71.48333333333333,0.5042028186555895,0,0,0,5,2,2,9,Low,Normal,"Environmental condition, Habitat factor, Active/risk behavior"
S0971,2025-05-11 09:56:00,Wolf,Hunting,24.31458,78.45951,31.2,Rainy,Grassland,Evening,WOL_001,24.33362,78.56995,2025-05-07 01:18:00,11.388758013048866,104.63333333333334,0.1088444537723689,0,0,0,5,1,5,11,Low,Normal,"Environmental condition, Habitat factor, Active/risk behavior"
S0529,2025-05-15 11:45:00,Wolf,Socializing,24.51758,78.61166,26.0,Rainy,Wetland,Afternoon,WOL_001,24.31458,78.45951,2025-05-11 09:56:00,27.32842248386624,97.81666666666666,0.27938411126801405,0,0,0,5,5,1,11,Low,Normal,"Environmental condition, Habitat factor, Active/risk behavior"
S0472,2025-05-18 03:16:00,Wolf,Grazing,24.56867,78.35371,33.2,Windy,Grassland,Night,WOL_001,24.51758,78.61166,2025-05-15 11:45:00,26.70251645169224,63.516666666666666,0.4204017284443806,0,0,0,5,1,1,7,Low,Normal,"Environmental condition, Habitat factor, Active/risk behavior"
S0516,2025-05-22 10:01:00,Wolf,Grazing,24.57067,78.42496,22.9,Sunny,Savanna,Afternoon,WOL_001,24.56867,78.35371,2025-05-18 03:16:00,7.208724971113391,102.75,0.07015790726144419,0,0,0,0,2,1,3,Low,Normal,"Habitat factor, Active/risk behavior"
S0551,2025-05-25 03:19:00,Wolf,Alert,24.3649,78.44444,18.1,Rainy,Forest,Night,WOL_001,24.57067,78.42496,2025-05-22 10:01:00,22.965364150155462,65.3,0.3516901094970209,0,0,0,5,3,4,12,Low,Normal,"Environmental condition, Habitat factor, Active/risk behavior"
S0984,2025-05-27 23:39:00,Wolf,Socializing,24.38274,78.68539,21.3,Foggy,Forest,Evening,WOL_001,24.3649,78.44444,2025-05-25 03:19:00,24.48495896316314,68.33333333333333,0.3583164726316557,0,0,0,8,3,1,12,Low,Normal,"Environmental condition, Habitat factor, Active/risk behavior"
S0934,2025-05-01 06:39:00,Wolf,Resting,24.50975,78.31008,30.8,Foggy,Wetland,Afternoon,WOL_002,,,,0.0,,0.0,0,0,0,8,5,0,13,Low,Normal,"Environmental condition, Habitat factor"
S0580,2025-05-04 14:59:00,Wolf,Running,24.34135,78.49562,34.4,Windy,Savanna,Evening,WOL_002,24.50975,78.31008,2025-05-01 06:39:00,26.523483153738383,80.33333333333333,0.3301678400880297,0,0,0,5,2,5,12,Low,Normal,"Environmental condition, Habitat factor, Active/risk behavior"
S0460,2025-05-08 00:06:00,Wolf,Grazing,24.55321,78.50266,32.9,Rainy,Grassland,Evening,WOL_002,24.34135,78.49562,2025-05-04 14:59:00,23.56853323889968,81.11666666666666,0.29055105698253153,0,0,0,5,1,1,7,Low,Normal,"Environmental condition, Habitat factor, Active/risk behavior"
S0732,2025-05-11 10:52:00,Wolf,Alert,24.40951,78.3962,22.0,Sunny,Wetland,Night,WOL_002,24.55321,78.50266,2025-05-08 00:06:00,19.271440296025176,82.76666666666667,0.23284059962978465,0,0,0,0,5,4,9,Low,Normal,"Habitat factor, Active/risk behavior"
S0427,2025-05-16 11:18:00,Wolf,Alert,24.57042,78.40482,21.7,Cloudy,Wetland,Morning,WOL_002,24.40951,78.3962,2025-05-11 10:52:00,17.913624882855963,120.43333333333334,0.14874307956979763,0,0,0,2,5,4,11,Low,Normal,"Environmental condition, Habitat factor, Active/risk behavior"
S0260,2025-05-18 12:16:00,Wolf,Hunting,24.41862,78.58281,33.9,Cloudy,Grassland,Night,WOL_002,24.57042,78.40482,2025-05-16 11:18:00,24.683730341363503,48.96666666666667,0.5040925188842104,0,0,0,2,1,5,8,Low,Normal,"Environmental condition, Habitat factor, Active/risk behavior"
S0953,2025-05-22 12:28:00,Wolf,Running,24.52881,78.60784,19.7,Windy,Wetland,Night,WOL_002,24.41862,78.58281,2025-05-18 12:16:00,12.511684523289187,96.2,0.13005909067868177,0,0,0,5,5,5,15,Low,Normal,"Environmental condition, Habitat factor, Active/risk behavior"
S0842,2025-05-25 06:00:00,Wolf,Resting,24.52459,78.35075,20.2,Rainy,Wetland,Afternoon,WOL_002,24.52881,78.60784,2025-05-22 12:28:00,26.011859014044024,65.53333333333333,0.3969256207636423,0,0,0,5,5,0,10,Low,Normal,"Environmental condition, Habitat factor"
S0291,2025-05-28 08:00:00,Wolf,Socializing,24.37622,78.6206,19.4,Windy,Grassland,Morning,WOL_002,24.52459,78.35075,2025-05-25 06:00:00,31.910700196770776,74.0,0.43122567833474024,0,0,0,5,1,1,7,Low,Normal,"Environmental condition, Habitat factor, Active/risk behavior"
S0884,2025-05-01 10:34:00,Wolf,Grazing,24.62824,78.6788,18.6,Foggy,Forest,Afternoon,WOL_003,,,,0.0,,0.0,0,0,0,8,3,1,12,Low,Normal,"Environmental condition, Habitat factor, Active/risk behavior"
S0623,2025-05-04 18:20:00,Wolf,Hunting,24.66518,78.62894,28.3,Foggy,Desert,Evening,WOL_003,24.62824,78.6788,2025-05-01 10:34:00,6.501096935030278,79.76666666666667,0.08150142417505572,0,0,0,8,1,5,14,Low,Normal,"Environmental condition, Habitat factor, Active/risk behavior"
S0521,2025-05-08 05:27:00,Wolf,Grazing,24.36621,78.49368,21.8,Cloudy,Forest,Evening,WOL_003,24.66518,78.62894,2025-05-04 18:20:00,35.95024018626593,83.11666666666666,0.4325274536145891,0,0,0,2,3,1,6,Low,Normal,"Environmental condition, Habitat factor, Active/risk behavior"
S0251,2025-05-12 10:07:00,Wolf,Hunting,24.32549,78.46815,22.7,Windy,Wetland,Morning,WOL_003,24.36621,78.49368,2025-05-08 05:27:00,5.214475997715582,100.66666666666667,0.05179943044088327,0,0,0,5,5,5,15,Low,Normal,"Environmental condition, Habitat factor, Active/risk behavior"
S0119,2025-05-16 15:22:00,Wolf,Playing,24.66122,78.65861,24.9,Sunny,Grassland,Morning,WOL_003,24.32549,78.46815,2025-05-12 10:07:00,42.01262239239342,101.25,0.41493948041870043,0,20,0,0,1,2,23,Low,Normal,"Large movement distance, Habitat factor, Active/risk behavior"
S0491,2025-05-18 19:16:00,Wolf,Resting,24.50621,78.61227,21.8,Foggy,Wetland,Morning,WOL_003,24.66122,78.65861,2025-05-16 15:22:00,17.86187701945371,51.9,0.3441594801436168,0,0,0,8,5,0,13,Low,Normal,"Environmental condition, Habitat factor"
S0649,2025-05-22 12:45:00,Wolf,Alert,24.4643,78.41572,26.5,Cloudy,Forest,Night,WOL_003,24.50621,78.61227,2025-05-18 19:16:00,20.4285076846878,89.48333333333333,0.22829399535877595,0,0,0,2,3,4,9,Low,Normal,"Environmental condition, Habitat factor, Active/risk behavior"
S0018,2025-05-25 21:44:00,Wolf,Resting,24.51396,78.45407,34.6,Windy,Wetland,Evening,WOL_003,24.4643,78.41572,2025-05-22 12:45:00,6.749200150303671,80.98333333333333,0.08334060691875288,0,0,0,5,5,0,10,Low,Normal,"Environmental condition, Habitat factor"
S0653,2025-05-29 11:15:00,Wolf,Alert,24.40409,78.48512,32.4,Cloudy,Desert,Evening,WOL_003,24.51396,78.45407,2025-05-25 21:44:00,12.614740667494717,85.51666666666667,0.14751207173059502,0,0,0,2,1,4,7,Low,Normal,"Environmental condition, Habitat factor, Active/risk behavior"
S0080,2025-05-01 11:00:00,Wolf,Playing,24.53775,78.57693,19.0,Cloudy,Grassland,Night,WOL_004,,,,0.0,,0.0,0,0,0,2,1,2,5,Low,Normal,"Environmental condition, Habitat factor, Active/risk behavior"
S0791,2025-05-04 20:24:00,Wolf,Grazing,24.51681,78.33703,31.7,Windy,Wetland,Afternoon,WOL_004,24.53775,78.57693,2025-05-01 11:00:00,24.37999026722852,81.4,0.2995084799413823,0,0,0,5,5,1,11,Low,Normal,"Environmental condition, Habitat factor, Active/risk behavior"
S0175,2025-05-08 22:45:00,Wolf,Resting,24.45524,78.43572,27.8,Sunny,Forest,Evening,WOL_004,24.51681,78.33703,2025-05-04 20:24:00,12.108217807211021,98.35,0.12311355167474348,0,0,0,0,3,0,3,Low,Normal,Habitat factor
S0191,2025-05-12 11:27:00,Wolf,Running,24.48919,78.56204,25.1,Windy,Wetland,Night,WOL_004,24.45524,78.43572,2025-05-08 22:45:00,13.329991105012727,84.7,0.15737887963415262,0,0,0,5,5,5,15,Low,Normal,"Environmental condition, Habitat factor, Active/risk behavior"
S0104,2025-05-16 23:07:00,Wolf,Socializing,24.43845,78.50643,18.6,Rainy,Desert,Afternoon,WOL_004,24.48919,78.56204,2025-05-12 11:27:00,7.969409846559503,107.66666666666667,0.07401928650055266,0,0,0,5,1,1,7,Low,Normal,"Environmental condition, Habitat factor, Active/risk behavior"
S0463,2025-05-19 13:00:00,Wolf,Resting,24.46676,78.4333,27.5,Windy,Savanna,Afternoon,WOL_004,24.43845,78.50643,2025-05-16 23:07:00,8.04385317671709,61.88333333333333,0.12998416121815926,0,0,0,5,2,0,7,Low,Normal,"Environmental condition, Habitat factor"
S0961,2025-05-23 16:29:00,Wolf,Running,24.51851,78.6263,27.9,Cloudy,Grassland,Evening,WOL_004,24.46676,78.4333,2025-05-19 13:00:00,20.359587231502168,99.48333333333333,0.20465324742672644,0,0,0,2,1,5,8,Low,Normal,"Environmental condition, Habitat factor, Active/risk behavior"
S0064,2025-05-26 00:14:00,Wolf,Running,24.59779,78.61654,20.3,Cloudy,Forest,Afternoon,WOL_004,24.51851,78.6263,2025-05-23 16:29:00,8.870624636942983,55.75,0.15911434326355126,0,0,0,2,3,5,10,Low,Normal,"Environmental condition, Habitat factor, Active/risk behavior"
S0157,2025-05-30 12:03:00,Wolf,Resting,24.57996,78.6476,18.9,Cloudy,Savanna,Evening,WOL_004,24.59779,78.61654,2025-05-26 00:14:00,3.713973138359202,107.81666666666666,0.03444711521124627,0,0,0,2,2,0,4,Low,Normal,"Environmental condition, Habitat factor"
S0667,2025-05-01 14:29:00,Wolf,Running,24.64601,78.62069,24.7,Sunny,Grassland,Night,WOL_005,,,,0.0,,0.0,0,0,0,0,1,5,6,Low,Normal,"Habitat factor, Active/risk behavior"
S0008,2025-05-05 18:50:00,Wolf,Resting,24.58129,78.64464,24.4,Sunny,Forest,Morning,WOL_005,24.64601,78.62069,2025-05-01 14:29:00,7.5928940435787675,100.35,0.07566411602968379,0,0,0,0,3,0,3,Low,Normal,Habitat factor
S0170,2025-05-09 04:59:00,Wolf,Resting,24.40743,78.35403,19.8,Sunny,Desert,Morning,WOL_005,24.58129,78.64464,2025-05-05 18:50:00,35.19174635055004,82.15,0.42838400913633645,0,0,0,0,1,0,1,Low,Normal,Habitat factor
S0731,2025-05-12 22:12:00,Wolf,Running,24.33373,78.41892,22.1,Rainy,Wetland,Afternoon,WOL_005,24.40743,78.35403,2025-05-09 04:59:00,10.505094490667192,89.21666666666667,0.1177481168391615,0,0,0,5,5,5,15,Low,Normal,"Environmental condition, Habitat factor, Active/risk behavior"
S0055,2025-05-17 00:19:00,Wolf,Playing,24.38081,78.35939,30.1,Rainy,Forest,Afternoon,WOL_005,24.33373,78.41892,2025-05-12 22:12:00,7.985593961162116,98.11666666666666,0.08138876128244046,0,0,0,5,3,2,10,Low,Normal,"Environmental condition, Habitat factor, Active/risk behavior"
S0036,2025-05-19 14:44:00,Wolf,Running,24.37109,78.48108,26.1,Rainy,Forest,Morning,WOL_005,24.38081,78.35939,2025-05-17 00:19:00,12.372387113611564,62.416666666666664,0.19822249047174736,0,0,0,5,3,5,13,Low,Normal,"Environmental condition, Habitat factor, Active/risk behavior"
S0571,2025-05-24 02:47:00,Wolf,Grazing,24.32545,78.44992,22.7,Windy,Forest,Evening,WOL_005,24.37109,78.48108,2025-05-19 14:44:00,5.9765770211717015,108.05,0.05531306822000649,0,0,0,5,3,1,9,Low,Normal,"Environmental condition, Habitat factor, Active/risk behavior"
S0004,2025-05-26 10:27:00,Wolf,Running,24.45122,78.56483,32.6,Rainy,Grassland,Afternoon,WOL_005,24.32545,78.44992,2025-05-24 02:47:00,18.193552988850424,55.666666666666664,0.3268302932128819,0,0,0,5,1,5,11,Low,Normal,"Environmental condition, Habitat factor, Active/risk behavior"
S0738,2025-05-30 23:43:00,Wolf,Alert,24.41686,78.46174,25.4,Sunny,Wetland,Afternoon,WOL_005,24.45122,78.56483,2025-05-26 10:27:00,11.113796139557648,109.26666666666667,0.10171259432176005,0,0,0,0,5,4,9,Low,Normal,"Habitat factor, Active/risk behavior"
S0600,2025-05-02 00:58:00,Wolf,Playing,24.42365,78.37306,21.3,Rainy,Wetland,Evening,WOL_006,,,,0.0,,0.0,0,0,0,5,5,2,12,Low,Normal,"Environmental condition, Habitat factor, Active/risk behavior"
S0363,2025-05-05 21:17:00,Wolf,Resting,24.40554,78.33557,18.1,Cloudy,Forest,Night,WOL_006,24.42365,78.37306,2025-05-02 00:58:00,4.296999479912363,92.31666666666666,0.046546302364098534,0,0,0,2,3,0,5,Low,Normal,"Environmental condition, Habitat factor"
S0627,2025-05-10 09:33:00,Wolf,Grazing,24.53499,78.3569,33.7,Sunny,Desert,Night,WOL_006,24.40554,78.33557,2025-05-05 21:17:00,14.555160221916424,108.26666666666667,0.1344380562369128,0,0,0,0,1,1,2,Low,Normal,"Habitat factor, Active/risk behavior"
S0100,2025-05-13 07:20:00,Wolf,Hunting,24.61366,78.69712,23.2,Sunny,Savanna,Night,WOL_006,24.53499,78.3569,2025-05-10 09:33:00,35.49880781954671,69.78333333333333,0.5087003747725825,0,0,0,0,2,5,7,Low,Normal,"Habitat factor, Active/risk behavior"
S0316,2025-05-17 07:07:00,Wolf,Hunting,24.30192,78.44258,20.0,Foggy,Forest,Afternoon,WOL_006,24.61366,78.69712,2025-05-13 07:20:00,43.189766638536916,95.78333333333333,0.4509110837501679,0,20,0,8,3,5,36,Moderate,Monitor,"Large movement distance, Environmental condition, Habitat factor, Active/risk behavior"
S0930,2025-05-20 00:10:00,Wolf,Grazing,24.50293,78.55845,22.2,Sunny,Savanna,Evening,WOL_006,24.30192,78.44258,2025-05-17 07:07:00,25.243755517533586,65.05,0.3880669564570882,0,0,0,0,2,1,3,Low,Normal,"Habitat factor, Active/risk behavior"
S0392,2025-05-24 08:53:00,Wolf,Resting,24.49122,78.66154,32.1,Windy,Savanna,Evening,WOL_006,24.50293,78.55845,2025-05-20 00:10:00,10.51215958241598,104.71666666666667,0.10038669026658584,0,0,0,5,2,0,7,Low,Normal,"Environmental condition, Habitat factor"
S0853,2025-05-26 14:49:00,Wolf,Hunting,24.32002,78.49278,29.1,Rainy,Forest,Afternoon,WOL_006,24.49122,78.66154,2025-05-24 08:53:00,25.581357202316884,53.93333333333333,0.4743144104261474,0,0,0,5,3,5,13,Low,Normal,"Environmental condition, Habitat factor, Active/risk behavior"
S0603,2025-05-02 03:41:00,Wolf,Running,24.40652,78.63477,31.6,Foggy,Desert,Night,WOL_007,,,,0.0,,0.0,0,0,0,8,1,5,14,Low,Normal,"Environmental condition, Habitat factor, Active/risk behavior"
S0204,2025-05-06 01:08:00,Wolf,Alert,24.55082,78.32446,29.4,Sunny,Forest,Morning,WOL_007,24.40652,78.63477,2025-05-02 03:41:00,35.26515098350164,93.45,0.37736919190477947,0,0,0,0,3,4,7,Low,Normal,"Habitat factor, Active/risk behavior"
S0359,2025-05-10 16:37:00,Wolf,Hunting,24.30579,78.32744,34.7,Rainy,Desert,Afternoon,WOL_007,24.55082,78.32446,2025-05-06 01:08:00,27.24776317454483,111.48333333333333,0.24441109141466433,0,0,0,5,1,5,11,Low,Normal,"Environmental condition, Habitat factor, Active/risk behavior"
S0034,2025-05-13 19:31:00,Wolf,Playing,24.31491,78.46193,24.5,Foggy,Forest,Night,WOL_007,24.30579,78.32744,2025-05-10 16:37:00,13.666241457530454,74.9,0.18245983254379777,0,0,0,8,3,2,13,Low,Normal,"Environmental condition, Habitat factor, Active/risk behavior"
S0500,2025-05-17 08:13:00,Wolf,Alert,24.46358,78.51309,30.9,Rainy,Wetland,Afternoon,WOL_007,24.31491,78.46193,2025-05-13 19:31:00,17.324233193675013,84.7,0.2045364013420899,0,0,0,5,5,4,14,Low,Normal,"Environmental condition, Habitat factor, Active/risk behavior"
S0904,2025-05-21 12:32:00,Wolf,Grazing,24.53044,78.63602,28.9,Rainy,Savanna,Night,WOL_007,24.46358,78.51309,2025-05-17 08:13:00,14.491158816775654,100.31666666666666,0.14445415002600753,0,0,0,5,2,1,8,Low,Normal,"Environmental condition, Habitat factor, Active/risk behavior"
S0229,2025-05-24 11:58:00,Wolf,Playing,24.57396,78.50154,30.4,Rainy,Desert,Evening,WOL_007,24.53044,78.63602,2025-05-21 12:32:00,14.436660363623554,71.43333333333334,0.20209977177261157,0,0,0,5,1,2,8,Low,Normal,"Environmental condition, Habitat factor, Active/risk behavior"
S0011,2025-05-26 15:05:00,Wolf,Playing,24.60083,78.45629,21.9,Cloudy,Savanna,Evening,WOL_007,24.57396,78.50154,2025-05-24 11:58:00,5.464502432304361,51.11666666666667,0.10690255818006575,0,0,0,2,2,2,6,Low,Normal,"Environmental condition, Habitat factor, Active/risk behavior"
S0268,2025-05-02 10:27:00,Wolf,Resting,24.69429,78.372,30.4,Windy,Forest,Evening,WOL_008,,,,0.0,,0.0,0,0,0,5,3,0,8,Low,Normal,"Environmental condition, Habitat factor"
S0681,2025-05-06 04:53:00,Wolf,Alert,24.46896,78.65889,33.6,Sunny,Wetland,Night,WOL_008,24.69429,78.372,2025-05-02 10:27:00,38.33186530757869,90.43333333333334,0.42386876491977904,0,0,0,0,5,4,9,Low,Normal,"Habitat factor, Active/risk behavior"
S0278,2025-05-10 16:52:00,Wolf,Running,24.34264,78.6094,19.2,Sunny,Grassland,Night,WOL_008,24.46896,78.65889,2025-05-06 04:53:00,14.913323048597183,107.98333333333333,0.13810763743105897,0,0,0,0,1,5,6,Low,Normal,"Habitat factor, Active/risk behavior"
S0587,2025-05-14 03:44:00,Wolf,Alert,24.56713,78.53425,27.8,Rainy,Desert,Afternoon,WOL_008,24.34264,78.6094,2025-05-10 16:52:00,26.095395249214196,82.86666666666666,0.3149082290733813,0,0,0,5,1,4,10,Low,Normal,"Environmental condition, Habitat factor, Active/risk behavior"
S0985,2025-05-17 12:59:00,Wolf,Resting,24.49261,78.66717,31.0,Sunny,Grassland,Night,WOL_008,24.56713,78.53425,2025-05-14 03:44:00,15.7942482005988,81.25,0.1943907470842929,0,0,0,0,1,0,1,Low,Normal,Habitat factor
S0864,2025-05-21 15:26:00,Wolf,Socializing,24.51886,78.53745,33.6,Sunny,Desert,Afternoon,WOL_008,24.49261,78.66717,2025-05-17 12:59:00,13.445518826351027,98.45,0.13657205511783674,0,0,0,0,1,1,2,Low,Normal,"Habitat factor, Active/risk behavior"
S0307,2025-05-24 12:31:00,Wolf,Alert,24.45826,78.4506,21.2,Foggy,Desert,Night,WOL_008,24.51886,78.53745,2025-05-21 15:26:00,11.07451103844898,69.08333333333333,0.1603065530294183,0,0,0,8,1,4,13,Low,Normal,"Environmental condition, Habitat factor, Active/risk behavior"
S0372,2025-05-27 05:13:00,Wolf,Grazing,24.36456,78.48961,19.5,Rainy,Savanna,Afternoon,WOL_008,24.45826,78.4506,2025-05-24 12:31:00,11.142564905575117,64.7,0.17221893207998634,0,0,0,5,2,1,8,Low,Normal,"Environmental condition, Habitat factor, Active/risk behavior"
S0552,2025-05-02 11:14:00,Wolf,Running,24.39148,78.60894,24.9,Sunny,Forest,Night,WOL_009,,,,0.0,,0.0,0,0,0,0,3,5,8,Low,Normal,"Habitat factor, Active/risk behavior"
S0182,2025-05-06 12:29:00,Wolf,Running,24.65598,78.54385,19.5,Foggy,Savanna,Night,WOL_009,24.39148,78.60894,2025-05-02 11:14:00,30.139165779099702,97.25,0.30991430107043394,0,0,0,8,2,5,15,Low,Normal,"Environmental condition, Habitat factor, Active/risk behavior"
S0172,2025-05-10 22:40:00,Wolf,Alert,24.3537,78.30078,22.9,Cloudy,Wetland,Afternoon,WOL_009,24.65598,78.54385,2025-05-06 12:29:00,41.64865656441917,106.18333333333334,0.3922334631714252,0,20,0,2,5,4,31,Moderate,Monitor,"Large movement distance, Environmental condition, Habitat factor, Active/risk behavior"
S0344,2025-05-14 21:25:00,Wolf,Resting,24.68952,78.56191,26.4,Cloudy,Wetland,Evening,WOL_009,24.3537,78.30078,2025-05-10 22:40:00,45.74124365810593,94.75,0.4827571890037565,0,20,0,2,5,0,27,Moderate,Monitor,"Large movement distance, Environmental condition, Habitat factor"
S0671,2025-05-17 20:14:00,Wolf,Grazing,24.61239,78.53286,29.2,Cloudy,Savanna,Night,WOL_009,24.68952,78.56191,2025-05-14 21:25:00,9.065033698460594,70.81666666666666,0.12800706564077094,0,0,0,2,2,1,5,Low,Normal,"Environmental condition, Habitat factor, Active/risk behavior"
S0448,2025-05-22 01:36:00,Wolf,Running,24.35862,78.38618,23.8,Cloudy,Desert,Evening,WOL_009,24.61239,78.53286,2025-05-17 20:14:00,31.88374569837963,101.36666666666666,0.3145387605890789,0,0,0,2,1,5,8,Low,Normal,"Environmental condition, Habitat factor, Active/risk behavior"
S0249,2025-05-24 13:00:00,Wolf,Alert,24.51031,78.50136,31.9,Rainy,Savanna,Afternoon,WOL_009,24.35862,78.38618,2025-05-22 01:36:00,20.505225853903948,59.4,0.34520582245629544,0,0,0,5,2,4,11,Low,Normal,"Environmental condition, Habitat factor, Active/risk behavior"
S0796,2025-05-27 12:39:00,Wolf,Resting,24.31497,78.45546,23.9,Foggy,Wetland,Night,WOL_009,24.51031,78.50136,2025-05-24 13:00:00,22.212459204131846,71.65,0.310013387357039,0,0,0,8,5,0,13,Low,Normal,"Environmental condition, Habitat factor"
S0935,2025-05-03 16:43:00,Wolf,Alert,24.39873,78.67843,26.7,Windy,Grassland,Night,WOL_010,,,,0.0,,0.0,0,0,0,5,1,4,10,Low,Normal,"Environmental condition, Habitat factor, Active/risk behavior"
S0361,2025-05-06 13:26:00,Wolf,Grazing,24.33934,78.50153,34.4,Rainy,Grassland,Evening,WOL_010,24.39873,78.67843,2025-05-03 16:43:00,19.09611389546268,68.71666666666667,0.2778963943069999,0,0,0,5,1,1,7,Low,Normal,"Environmental condition, Habitat factor, Active/risk behavior"
S0495,2025-05-11 03:24:00,Wolf,Grazing,24.63893,78.51807,27.0,Sunny,Grassland,Afternoon,WOL_010,24.33934,78.50153,2025-05-06 13:26:00,33.354906919346185,109.96666666666667,0.3033183411883557,0,0,0,0,1,1,2,Low,Normal,"Habitat factor, Active/risk behavior"
S0594,2025-05-15 06:58:00,Wolf,Socializing,24.31044,78.36892,21.8,Rainy,Desert,Night,WOL_010,24.63893,78.51807,2025-05-11 03:24:00,39.52242595502815,99.56666666666666,0.39694435174115983,0,20,0,5,1,1,27,Moderate,Monitor,"Large movement distance, Environmental condition, Habitat factor, Active/risk behavior"
S0040,2025-05-17 21:55:00,Wolf,Running,24.36879,78.67511,28.4,Sunny,Savanna,Afternoon,WOL_010,24.31044,78.36892,2025-05-15 06:58:00,31.691908849745538,62.95,0.5034457323232016,0,0,0,0,2,5,7,Low,Normal,"Habitat factor, Active/risk behavior"
S0664,2025-05-22 03:05:00,Wolf,Socializing,24.4709,78.55594,26.6,Sunny,Grassland,Evening,WOL_010,24.36879,78.67511,2025-05-17 21:55:00,16.567922494587897,101.16666666666667,0.1637685913797815,0,0,0,0,1,1,2,Low,Normal,"Habitat factor, Active/risk behavior"
S0867,2025-05-24 18:33:00,Wolf,Hunting,24.54798,78.67479,18.8,Cloudy,Savanna,Night,WOL_010,24.4709,78.55594,2025-05-22 03:05:00,14.766648612049405,63.46666666666667,0.23266778275287928,0,0,0,2,2,5,9,Low,Normal,"Environmental condition, Habitat factor, Active/risk behavior"
S0639,2025-05-27 19:28:00,Wolf,Playing,24.49128,78.35093,20.8,Rainy,Wetland,Morning,WOL_010,24.54798,78.67479,2025-05-24 18:33:00,33.365118293000116,72.91666666666667,0.45757876516114443,0,0,0,5,5,2,12,Low,Normal,"Environmental condition, Habitat factor, Active/risk behavior"
